{"stats":{"minecraft:dropped":{"minecraft:iron_ingot":16,"minecraft:iron_sword":1,"minecraft:oak_slab":1,"minecraft:porkchop":2,"minecraft:wheat_seeds":8,"minecraft:diamond_axe":1,"minecraft:cooked_beef":1,"minecraft:oak_log":8,"minecraft:prismarine_shard":9,"minecraft:oak_fence":4,"minecraft:iron_helmet":1,"minecraft:cobblestone":25,"minecraft:leather":5,"minecraft:apple":1,"minecraft:tropical_fish":2,"minecraft:coal":9,"minecraft:stick":10,"minecraft:cod":4,"minecraft:dirt":22,"minecraft:dried_kelp":1,"minecraft:red_dye":7,"minecraft:string":3,"minecraft:white_wool":3,"minecraft:bucket":4,"minecraft:bone":7,"minecraft:dandelion":3,"minecraft:furnace":2,"minecraft:zombie_spawn_egg":1,"minecraft:tuff":1,"minecraft:raw_iron":2,"minecraft:wheat":4,"minecraft:chicken":1,"minecraft:rotten_flesh":26,"minecraft:oak_planks":11,"minecraft:shears":2,"minecraft:salmon":6,"minecraft:poppy":6,"minecraft:gunpowder":4,"minecraft:diamond_chestplate":3,"minecraft:oak_boat":1,"minecraft:oak_sapling":3,"minecraft:arrow":6,"minecraft:stone_pickaxe":1,"minecraft:bread":69,"minecraft:enchanted_book":1},"minecraft:mined":{"minecraft:dark_oak_planks":1,"minecraft:tuff":5,"minecraft:white_bed":2,"minecraft:deepslate_diamond_ore":6,"minecraft:jungle_leaves":4,"minecraft:grass_block":133,"minecraft:kelp":14,"minecraft:oak_wall_sign":3,"minecraft:oak_trapdoor":1,"minecraft:iron_ore":3,"minecraft:fire":2,"minecraft:dirt_path":20,"minecraft:oak_sign":1,"minecraft:vine":4,"minecraft:bamboo":16,"minecraft:stone":17,"minecraft:oak_slab":11,"minecraft:kelp_plant":38,"minecraft:dandelion":1,"minecraft:oak_fence":4,"minecraft:crafting_table":1,"minecraft:copper_ore":10,"minecraft:tall_grass":2,"minecraft:cobblestone":1,"minecraft:oak_planks":3,"minecraft:diorite":6,"minecraft:birch_log":4,"minecraft:yellow_bed":5,"minecraft:grass":71,"minecraft:coal_ore":10,"minecraft:oak_log":28,"minecraft:cocoa":1,"minecraft:gravel":2,"minecraft:dirt":248,"minecraft:oak_leaves":20,"minecraft:deepslate":19,"minecraft:fern":7},"minecraft:crafted":{"minecraft:wooden_sword":1,"minecraft:oak_planks":244,"minecraft:oak_sign":6,"minecraft:cooked_mutton":6,"minecraft:oak_trapdoor":10,"minecraft:hopper":3,"minecraft:bow":2,"minecraft:iron_boots":2,"minecraft:iron_axe":1,"minecraft:stone_pickaxe":1,"minecraft:chest":7,"minecraft:dried_kelp_block":2,"minecraft:oak_fence":24,"minecraft:cooked_beef":8,"minecraft:red_dye":20,"minecraft:oak_slab":6,"minecraft:wooden_shovel":4,"minecraft:cooked_porkchop":11,"minecraft:diamond_axe":1,"minecraft:crafting_table":4,"minecraft:baked_potato":1,"minecraft:dried_kelp":35,"minecraft:wooden_pickaxe":1,"minecraft:iron_helmet":2,"minecraft:iron_sword":2,"minecraft:bucket":3,"minecraft:air":0,"minecraft:dispenser":1,"minecraft:iron_chestplate":2,"minecraft:stick":46,"minecraft:iron_ingot":28,"minecraft:iron_pickaxe":2,"minecraft:iron_shovel":1,"minecraft:iron_leggings":2,"minecraft:white_bed":1,"minecraft:shears":1},"minecraft:broken":{"minecraft:wooden_shovel":4,"minecraft:wooden_pickaxe":1,"minecraft:iron_axe":1,"minecraft:iron_helmet":1},"minecraft:picked_up":{"minecraft:fishing_rod":4,"minecraft:cocoa_beans":3,"minecraft:iron_chestplate":16,"minecraft:crafting_table":13,"minecraft:wheat":4,"minecraft:chicken":2,"minecraft:prismarine_shard":129,"minecraft:lead":47,"minecraft:wooden_pickaxe":1,"minecraft:enchanted_book":17,"minecraft:string":19,"minecraft:oak_trapdoor":2,"minecraft:raw_copper":37,"minecraft:iron_axe":1,"minecraft:wooden_sword":1,"minecraft:iron_leggings":5,"minecraft:iron_shovel":1,"minecraft:pufferfish":1,"minecraft:oak_sign":11,"minecraft:cobbled_deepslate":31,"minecraft:bucket":6,"minecraft:beef":8,"minecraft:red_dye":70,"minecraft:oak_boat":1,"minecraft:player_head":16,"minecraft:jungle_sapling":1,"minecraft:poppy":18,"minecraft:iron_pickaxe":15,"minecraft:chest":4,"minecraft:birch_sapling":5,"minecraft:egg":3,"minecraft:iron_boots":5,"minecraft:furnace":6,"minecraft:raw_iron":3,"minecraft:stick":1773,"minecraft:oak_fence":46,"minecraft:porkchop":18,"minecraft:diorite":7,"minecraft:dark_oak_planks":1,"minecraft:rotten_flesh":85,"minecraft:arrow":18,"minecraft:diamond_chestplate":1,"minecraft:tropical_fish":22,"minecraft:shears":11,"minecraft:mutton":11,"minecraft:cod":12,"minecraft:white_wool":7,"minecraft:cobblestone":180,"minecraft:birch_log":31,"minecraft:cooked_beef":2,"minecraft:water_bucket":2,"minecraft:salmon":12,"minecraft:leather":15,"minecraft:tuff":5,"minecraft:oak_log":360,"minecraft:yellow_bed":5,"minecraft:gunpowder":12,"minecraft:dirt":557,"minecraft:cooked_mutton":18,"minecraft:bone":50,"minecraft:apple":4,"minecraft:kelp":330,"minecraft:bow":6,"minecraft:wheat_seeds":34,"minecraft:stone_pickaxe":17,"minecraft:iron_ingot":198,"minecraft:bamboo":198,"minecraft:oak_planks":79,"minecraft:honeycomb":39,"minecraft:iron_sword":16,"minecraft:oak_slab":17,"minecraft:cooked_porkchop":38,"minecraft:dandelion":7,"minecraft:gravel":1,"minecraft:white_bed":2,"minecraft:spider_eye":1,"minecraft:diamond":6,"minecraft:iron_helmet":6,"minecraft:diamond_axe":15,"minecraft:oak_sapling":46,"minecraft:black_wool":1,"minecraft:hopper":3,"minecraft:coal":19},"minecraft:custom":{"minecraft:interact_with_anvil":3,"minecraft:mob_kills":81,"minecraft:inspect_hopper":4,"minecraft:interact_with_crafting_table":26,"minecraft:leave_game":15,"minecraft:time_since_death":46514,"minecraft:climb_one_cm":2300,"minecraft:sprint_one_cm":657859,"minecraft:walk_one_cm":716061,"minecraft:drop":98,"minecraft:talked_to_villager":239,"minecraft:play_time":295240,"minecraft:deaths":43,"minecraft:sneak_time":5765,"minecraft:walk_under_water_one_cm":38722,"minecraft:boat_one_cm":4370,"minecraft:jump":4947,"minecraft:walk_on_water_one_cm":55635,"minecraft:total_world_time":295240,"minecraft:interact_with_furnace":68,"minecraft:sleep_in_bed":5,"minecraft:time_since_rest":46534,"minecraft:damage_taken":16171,"minecraft:damage_dealt":17700,"minecraft:player_kills":2,"minecraft:swim_one_cm":87632,"minecraft:fly_one_cm":1109294,"minecraft:open_chest":77,"minecraft:crouch_one_cm":11452,"minecraft:fish_caught":17,"minecraft:fall_one_cm":147677,"minecraft:inspect_dispenser":4},"minecraft:killed_by":{"minecraft:player":1,"minecraft:creeper":1,"minecraft:iron_golem":27,"minecraft:skeleton":2,"minecraft:zombie":9},"minecraft:killed":{"minecraft:spider":8,"minecraft:horse":1,"minecraft:skeleton":7,"minecraft:chicken":2,"minecraft:pig":8,"minecraft:iron_golem":4,"minecraft:wandering_trader":1,"minecraft:creeper":2,"minecraft:sheep":8,"minecraft:trader_llama":2,"minecraft:zombie":31,"minecraft:cow":6},"minecraft:used":{"minecraft:oak_fence":25,"minecraft:oak_trapdoor":11,"minecraft:iron_shovel":213,"minecraft:tropical_fish":2,"minecraft:dried_kelp":16,"minecraft:dispenser":1,"minecraft:oak_sign":14,"minecraft:chest":4,"minecraft:iron_sword":245,"minecraft:zombie_spawn_egg":2,"minecraft:wooden_shovel":261,"minecraft:rotten_flesh":14,"minecraft:iron_chestplate":4,"minecraft:dirt":169,"minecraft:hopper":3,"minecraft:tuff":4,"minecraft:lava_bucket":3,"minecraft:iron_axe":23,"minecraft:iron_helmet":4,"minecraft:iron_boots":2,"minecraft:bow":5,"minecraft:oak_sapling":4,"minecraft:egg":3,"minecraft:cooked_beef":6,"minecraft:iron_leggings":3,"minecraft:cooked_mutton":6,"minecraft:water_bucket":11,"minecraft:stone_pickaxe":3,"minecraft:baked_potato":3,"minecraft:oak_planks":4,"minecraft:wooden_pickaxe":31,"minecraft:diamond_axe":60,"minecraft:oak_slab":16,"minecraft:crafting_table":3,"minecraft:white_bed":2,"minecraft:cod":2,"minecraft:shears":1,"minecraft:oak_log":108,"minecraft:apple":1,"minecraft:chicken":1,"minecraft:iron_pickaxe":82,"minecraft:fishing_rod":27,"minecraft:wooden_sword":53,"minecraft:cobblestone":4,"minecraft:cooked_porkchop":23,"minecraft:birch_log":5,"minecraft:bucket":13,"minecraft:yellow_bed":5}},"DataVersion":3337}