{"stats":{"minecraft:used":{"minecraft:iron_shovel":235,"minecraft:dispenser":4,"minecraft:oak_sign":14,"minecraft:chest":7,"minecraft:iron_sword":580,"minecraft:zombie_spawn_egg":2,"minecraft:rotten_flesh":18,"minecraft:iron_chestplate":4,"minecraft:mutton":1,"minecraft:carrot":1,"minecraft:tuff":4,"minecraft:jungle_sapling":60,"minecraft:lava_bucket":3,"minecraft:iron_helmet":6,"minecraft:bow":78,"minecraft:furnace":1,"minecraft:oak_sapling":10,"minecraft:egg":3,"minecraft:oak_chest_boat":1,"minecraft:stone_pickaxe":3,"minecraft:jungle_fence":1,"minecraft:oak_planks":4,"minecraft:ender_pearl":1,"minecraft:wooden_pickaxe":31,"minecraft:diamond_axe":60,"minecraft:blast_furnace":3,"minecraft:shears":9,"minecraft:bread":29,"minecraft:string":20,"minecraft:gravel":1,"minecraft:diamond_sword":948,"minecraft:wooden_sword":53,"minecraft:birch_log":121,"minecraft:bone_meal":316,"minecraft:oak_trapdoor":11,"minecraft:oak_fence":25,"minecraft:flint_and_steel":37,"minecraft:tropical_fish":2,"minecraft:dried_kelp":16,"minecraft:wooden_shovel":261,"minecraft:oak_door":1,"minecraft:torch":4,"minecraft:dirt":170,"minecraft:white_carpet":3,"minecraft:hopper":3,"minecraft:shulker_box":1,"minecraft:iron_block":9,"minecraft:iron_axe":169,"minecraft:jungle_log":5,"minecraft:iron_boots":4,"minecraft:diamond_chestplate":2,"minecraft:cooked_beef":7,"minecraft:iron_leggings":3,"minecraft:cooked_mutton":6,"minecraft:water_bucket":19,"minecraft:baked_potato":46,"minecraft:cauldron":2,"minecraft:red_bed":1,"minecraft:oak_slab":16,"minecraft:crafting_table":7,"minecraft:white_bed":3,"minecraft:campfire":13,"minecraft:cod":2,"minecraft:oak_log":184,"minecraft:piston":6,"minecraft:diamond_pickaxe":23,"minecraft:apple":1,"minecraft:chicken":2,"minecraft:iron_pickaxe":165,"minecraft:fishing_rod":27,"minecraft:cobblestone":4,"minecraft:cooked_porkchop":23,"minecraft:bucket":21,"minecraft:yellow_bed":5,"minecraft:diamond_leggings":2},"minecraft:broken":{"minecraft:wooden_shovel":4,"minecraft:iron_sword":1,"minecraft:wooden_pickaxe":1,"minecraft:iron_axe":4,"minecraft:iron_helmet":1},"minecraft:mined":{"minecraft:dark_oak_planks":1,"minecraft:white_bed":3,"minecraft:oak_sapling":3,"minecraft:jungle_leaves":5,"minecraft:grass_block":139,"minecraft:jungle_log":10,"minecraft:oak_wall_sign":3,"minecraft:iron_ore":3,"minecraft:fire":6,"minecraft:deepslate_lapis_ore":2,"minecraft:azure_bluet":1,"minecraft:oak_sign":1,"minecraft:dirt_path":20,"minecraft:iron_block":6,"minecraft:tripwire":2,"minecraft:deepslate_redstone_ore":26,"minecraft:red_bed":1,"minecraft:kelp_plant":38,"minecraft:torch":4,"minecraft:blast_furnace":2,"minecraft:chest":2,"minecraft:cobblestone":1,"minecraft:oak_planks":3,"minecraft:deepslate_copper_ore":1,"minecraft:birch_log":14,"minecraft:warped_fungus":1,"minecraft:grass":94,"minecraft:oak_log":50,"minecraft:dirt":251,"minecraft:dispenser":1,"minecraft:piston":4,"minecraft:oak_leaves":55,"minecraft:deepslate":27,"minecraft:tuff":16,"minecraft:deepslate_diamond_ore":6,"minecraft:shulker_box":1,"minecraft:kelp":16,"minecraft:redstone_ore":17,"minecraft:oak_trapdoor":1,"minecraft:carrots":1,"minecraft:jungle_sapling":12,"minecraft:andesite":6,"minecraft:nether_brick_fence":1,"minecraft:vine":16,"minecraft:warped_stem":21,"minecraft:stripped_jungle_log":4,"minecraft:chorus_plant":1,"minecraft:bamboo":16,"minecraft:stone":30,"minecraft:oak_slab":11,"minecraft:dandelion":1,"minecraft:oak_fence":5,"minecraft:crafting_table":4,"minecraft:copper_ore":11,"minecraft:tall_grass":8,"minecraft:diorite":6,"minecraft:white_carpet":1,"minecraft:yellow_bed":5,"minecraft:coal_ore":10,"minecraft:cocoa":1,"minecraft:gravel":26,"minecraft:fern":7},"minecraft:killed_by":{"minecraft:creeper":3,"minecraft:zombie":9,"minecraft:player":2,"minecraft:iron_golem":27,"minecraft:skeleton":3},"minecraft:custom":{"minecraft:interact_with_crafting_table":44,"minecraft:open_shulker_box":1,"minecraft:leave_game":29,"minecraft:time_since_death":9008,"minecraft:sprint_one_cm":1309383,"minecraft:drop":264,"minecraft:talked_to_villager":239,"minecraft:play_time":773973,"minecraft:deaths":49,"minecraft:jump":8907,"minecraft:walk_on_water_one_cm":84810,"minecraft:interact_with_furnace":89,"minecraft:sleep_in_bed":9,"minecraft:damage_dealt":36538,"minecraft:player_kills":5,"minecraft:crouch_one_cm":19688,"minecraft:inspect_dispenser":82,"minecraft:mob_kills":8011,"minecraft:interact_with_anvil":3,"minecraft:inspect_hopper":5,"minecraft:climb_one_cm":3028,"minecraft:walk_one_cm":1544177,"minecraft:sneak_time":10702,"minecraft:walk_under_water_one_cm":64483,"minecraft:boat_one_cm":4370,"minecraft:interact_with_blast_furnace":2,"minecraft:total_world_time":773973,"minecraft:raid_trigger":1,"minecraft:time_since_rest":8740,"minecraft:damage_taken":20967,"minecraft:swim_one_cm":167765,"minecraft:fly_one_cm":2006056,"minecraft:open_chest":212,"minecraft:fish_caught":17,"minecraft:fall_one_cm":275025},"minecraft:dropped":{"minecraft:iron_sword":1,"minecraft:porkchop":2,"minecraft:diamond_axe":1,"minecraft:cooked_beef":1,"minecraft:oak_log":8,"minecraft:crafting_table":1,"minecraft:jungle_fence":2,"minecraft:leather":6,"minecraft:cod":4,"minecraft:dirt":36,"minecraft:sugar":52,"minecraft:birch_log":1,"minecraft:white_wool":3,"minecraft:bone":7,"minecraft:iron_nugget":29,"minecraft:wheat":4,"minecraft:birch_sapling":8,"minecraft:rotten_flesh":36,"minecraft:oak_planks":11,"minecraft:glowstone_dust":14,"minecraft:salmon":6,"minecraft:poppy":6,"minecraft:gunpowder":62,"minecraft:jungle_log":1,"minecraft:leather_boots":1,"minecraft:arrow":6,"minecraft:beef":6,"minecraft:warped_wart_block":391,"minecraft:iron_ingot":22,"minecraft:enchanted_book":1,"minecraft:water_bucket":1,"minecraft:bread":69,"minecraft:oak_slab":1,"minecraft:wheat_seeds":12,"minecraft:prismarine_shard":9,"minecraft:feather":1,"minecraft:oak_fence":5,"minecraft:iron_helmet":1,"minecraft:cobblestone":25,"minecraft:apple":1,"minecraft:copper_ingot":1,"minecraft:stripped_jungle_log":9,"minecraft:tropical_fish":2,"minecraft:coal":9,"minecraft:stick":83,"minecraft:torch":11,"minecraft:dried_kelp":1,"minecraft:white_banner":2,"minecraft:red_dye":7,"minecraft:string":12,"minecraft:tripwire_hook":1,"minecraft:bucket":4,"minecraft:dandelion":3,"minecraft:furnace":2,"minecraft:kelp":1,"minecraft:zombie_spawn_egg":1,"minecraft:oak_trapdoor":1,"minecraft:player_head":78,"minecraft:raw_copper":41,"minecraft:tuff":1,"minecraft:raw_iron":3,"minecraft:chicken":1,"minecraft:iron_boots":1,"minecraft:nether_bricks":4,"minecraft:shears":2,"minecraft:diamond_chestplate":3,"minecraft:oak_boat":1,"minecraft:oak_sapling":4,"minecraft:bow":1,"minecraft:stone_pickaxe":1},"minecraft:killed":{"minecraft:spider":11,"minecraft:skeleton":10,"minecraft:chicken":3,"minecraft:pig":9,"minecraft:iron_golem":4,"minecraft:creeper":2,"minecraft:sheep":9,"minecraft:trader_llama":2,"minecraft:pillager":12,"minecraft:zombie":38,"minecraft:cow":9,"minecraft:vindicator":4,"minecraft:phantom":2,"minecraft:horse":1,"minecraft:drowned":5,"minecraft:wandering_trader":1,"minecraft:enderman":7888},"minecraft:picked_up":{"minecraft:iron_chestplate":19,"minecraft:wheat":4,"minecraft:nether_brick_fence":1,"minecraft:prismarine_shard":129,"minecraft:lead":47,"minecraft:diamond_sword":1,"minecraft:enchanted_book":23,"minecraft:string":34,"minecraft:raw_copper":76,"minecraft:iron_leggings":8,"minecraft:pufferfish":1,"minecraft:shroomlight":10,"minecraft:oak_sign":11,"minecraft:diamond_leggings":4,"minecraft:cobbled_deepslate":40,"minecraft:bucket":6,"minecraft:red_dye":70,"minecraft:iron_pickaxe":18,"minecraft:iron_boots":11,"minecraft:furnace":6,"minecraft:stick":3381,"minecraft:oak_fence":47,"minecraft:torch":20,"minecraft:porkchop":24,"minecraft:diorite":7,"minecraft:rotten_flesh":131,"minecraft:tropical_fish":22,"minecraft:iron_block":6,"minecraft:obsidian":4,"minecraft:cod":12,"minecraft:cobblestone":194,"minecraft:nautilus_shell":2,"minecraft:birch_log":292,"minecraft:feather":3,"minecraft:cooked_beef":2,"minecraft:jungle_log":4056,"minecraft:water_bucket":4,"minecraft:andesite":7,"minecraft:potato":22,"minecraft:flint":305,"minecraft:tuff":19,"minecraft:dirt":589,"minecraft:lapis_lazuli":167,"minecraft:leather_boots":2,"minecraft:bone":63,"minecraft:bow":10,"minecraft:wheat_seeds":52,"minecraft:raw_gold":4,"minecraft:bamboo":198,"minecraft:glowstone_dust":4,"minecraft:oak_planks":79,"minecraft:honeycomb":39,"minecraft:cooked_porkchop":38,"minecraft:warped_wart_block":391,"minecraft:shulker_box":3,"minecraft:dispenser":1,"minecraft:sugar":14,"minecraft:diamond":6,"minecraft:bone_meal":22,"minecraft:emerald":9,"minecraft:bread":89,"minecraft:oak_sapling":152,"minecraft:chorus_fruit":15,"minecraft:diamond_pickaxe":1,"minecraft:cocoa_beans":3,"minecraft:fishing_rod":4,"minecraft:crafting_table":19,"minecraft:azure_bluet":1,"minecraft:chicken":3,"minecraft:clay_ball":168,"minecraft:wooden_pickaxe":1,"minecraft:oak_trapdoor":3,"minecraft:red_bed":1,"minecraft:iron_axe":55,"minecraft:wooden_sword":1,"minecraft:flint_and_steel":2,"minecraft:white_carpet":1,"minecraft:iron_shovel":5,"minecraft:beef":32,"minecraft:oak_boat":1,"minecraft:player_head":35,"minecraft:jungle_sapling":1193,"minecraft:iron_nugget":52,"minecraft:poppy":18,"minecraft:chest":6,"minecraft:birch_sapling":39,"minecraft:phantom_membrane":2,"minecraft:piston":4,"minecraft:egg":3,"minecraft:raw_iron":20,"minecraft:copper_ingot":2,"minecraft:carrot":1,"minecraft:redstone":228,"minecraft:dark_oak_planks":1,"minecraft:arrow":244,"minecraft:diamond_chestplate":5,"minecraft:shears":12,"minecraft:mutton":12,"minecraft:white_wool":11,"minecraft:tripwire_hook":1,"minecraft:salmon":12,"minecraft:leather":16,"minecraft:filled_map":2,"minecraft:oak_log":791,"minecraft:yellow_bed":5,"minecraft:gunpowder":251,"minecraft:white_banner":6,"minecraft:cooked_mutton":18,"minecraft:apple":14,"minecraft:kelp":331,"minecraft:warped_stem":65,"minecraft:iron_ingot":198,"minecraft:stone_pickaxe":17,"minecraft:iron_sword":19,"minecraft:oak_slab":17,"minecraft:warped_fungus":1,"minecraft:dandelion":7,"minecraft:gravel":25,"minecraft:blast_furnace":2,"minecraft:white_bed":6,"minecraft:spider_eye":2,"minecraft:stripped_jungle_log":10,"minecraft:iron_helmet":10,"minecraft:diamond_axe":15,"minecraft:baked_potato":37,"minecraft:black_wool":1,"minecraft:coal":19,"minecraft:hopper":3,"minecraft:ender_pearl":330},"minecraft:crafted":{"minecraft:oak_planks":252,"minecraft:oak_sign":6,"minecraft:cooked_mutton":6,"minecraft:hopper":3,"minecraft:diamond_leggings":1,"minecraft:bow":2,"minecraft:iron_boots":2,"minecraft:chest":8,"minecraft:dried_kelp_block":2,"minecraft:oak_fence":24,"minecraft:oak_slab":6,"minecraft:wooden_shovel":4,"minecraft:cauldron":2,"minecraft:cooked_porkchop":11,"minecraft:diamond_axe":1,"minecraft:crafting_table":4,"minecraft:wooden_pickaxe":1,"minecraft:baked_potato":1,"minecraft:iron_helmet":2,"minecraft:dispenser":1,"minecraft:iron_chestplate":2,"minecraft:stick":46,"minecraft:iron_ingot":28,"minecraft:iron_pickaxe":2,"minecraft:shears":1,"minecraft:wooden_sword":1,"minecraft:furnace":1,"minecraft:bone_meal":441,"minecraft:oak_trapdoor":10,"minecraft:flint_and_steel":2,"minecraft:iron_axe":4,"minecraft:stone_pickaxe":1,"minecraft:jungle_fence":3,"minecraft:cooked_beef":8,"minecraft:red_dye":39,"minecraft:diamond_sword":1,"minecraft:dried_kelp":35,"minecraft:iron_sword":2,"minecraft:bucket":3,"minecraft:air":0,"minecraft:jungle_planks":12,"minecraft:iron_shovel":1,"minecraft:iron_leggings":2,"minecraft:white_bed":1,"minecraft:torch":4,"minecraft:diamond_chestplate":1}},"DataVersion":3337}