{"stats":{"minecraft:broken":{"minecraft:wooden_shovel":4,"minecraft:iron_sword":1,"minecraft:wooden_pickaxe":1,"minecraft:iron_axe":4,"minecraft:iron_helmet":1},"minecraft:dropped":{"minecraft:iron_sword":1,"minecraft:porkchop":2,"minecraft:diamond_axe":1,"minecraft:cooked_beef":1,"minecraft:oak_log":8,"minecraft:crafting_table":1,"minecraft:leather":6,"minecraft:cod":4,"minecraft:dirt":36,"minecraft:birch_log":1,"minecraft:white_wool":3,"minecraft:bone":7,"minecraft:birch_sapling":8,"minecraft:wheat":4,"minecraft:rotten_flesh":26,"minecraft:oak_planks":11,"minecraft:salmon":6,"minecraft:poppy":6,"minecraft:gunpowder":4,"minecraft:jungle_log":1,"minecraft:arrow":6,"minecraft:beef":6,"minecraft:warped_wart_block":391,"minecraft:enchanted_book":1,"minecraft:iron_ingot":16,"minecraft:water_bucket":1,"minecraft:bread":69,"minecraft:oak_slab":1,"minecraft:wheat_seeds":12,"minecraft:prismarine_shard":9,"minecraft:oak_fence":5,"minecraft:iron_helmet":1,"minecraft:feather":1,"minecraft:cobblestone":25,"minecraft:apple":1,"minecraft:copper_ingot":1,"minecraft:stripped_jungle_log":9,"minecraft:tropical_fish":2,"minecraft:coal":9,"minecraft:stick":83,"minecraft:torch":11,"minecraft:dried_kelp":1,"minecraft:white_banner":2,"minecraft:red_dye":7,"minecraft:string":12,"minecraft:tripwire_hook":1,"minecraft:bucket":4,"minecraft:dandelion":3,"minecraft:furnace":2,"minecraft:zombie_spawn_egg":1,"minecraft:kelp":1,"minecraft:oak_trapdoor":1,"minecraft:raw_copper":41,"minecraft:tuff":1,"minecraft:raw_iron":3,"minecraft:chicken":1,"minecraft:shears":2,"minecraft:diamond_chestplate":3,"minecraft:oak_boat":1,"minecraft:oak_sapling":4,"minecraft:bow":1,"minecraft:stone_pickaxe":1},"minecraft:picked_up":{"minecraft:iron_chestplate":19,"minecraft:wheat":4,"minecraft:prismarine_shard":129,"minecraft:lead":47,"minecraft:enchanted_book":22,"minecraft:string":31,"minecraft:raw_copper":76,"minecraft:iron_leggings":8,"minecraft:pufferfish":1,"minecraft:shroomlight":10,"minecraft:oak_sign":11,"minecraft:diamond_leggings":3,"minecraft:cobbled_deepslate":40,"minecraft:bucket":6,"minecraft:red_dye":70,"minecraft:iron_pickaxe":18,"minecraft:iron_boots":9,"minecraft:furnace":6,"minecraft:stick":3342,"minecraft:oak_fence":47,"minecraft:torch":20,"minecraft:porkchop":24,"minecraft:diorite":7,"minecraft:rotten_flesh":121,"minecraft:tropical_fish":22,"minecraft:iron_block":3,"minecraft:obsidian":4,"minecraft:cod":12,"minecraft:cobblestone":186,"minecraft:nautilus_shell":2,"minecraft:birch_log":292,"minecraft:feather":3,"minecraft:cooked_beef":2,"minecraft:jungle_log":4056,"minecraft:water_bucket":4,"minecraft:andesite":7,"minecraft:potato":22,"minecraft:tuff":19,"minecraft:dirt":584,"minecraft:lapis_lazuli":59,"minecraft:leather_boots":1,"minecraft:bone":58,"minecraft:bow":10,"minecraft:wheat_seeds":51,"minecraft:raw_gold":4,"minecraft:bamboo":198,"minecraft:oak_planks":79,"minecraft:honeycomb":39,"minecraft:cooked_porkchop":38,"minecraft:warped_wart_block":391,"minecraft:shulker_box":2,"minecraft:diamond":6,"minecraft:bone_meal":22,"minecraft:emerald":9,"minecraft:oak_sapling":152,"minecraft:chorus_fruit":15,"minecraft:cocoa_beans":3,"minecraft:fishing_rod":4,"minecraft:crafting_table":18,"minecraft:azure_bluet":1,"minecraft:chicken":3,"minecraft:wooden_pickaxe":1,"minecraft:oak_trapdoor":3,"minecraft:iron_axe":54,"minecraft:wooden_sword":1,"minecraft:white_carpet":1,"minecraft:iron_shovel":4,"minecraft:beef":32,"minecraft:oak_boat":1,"minecraft:player_head":16,"minecraft:jungle_sapling":1193,"minecraft:poppy":18,"minecraft:chest":5,"minecraft:birch_sapling":39,"minecraft:phantom_membrane":1,"minecraft:piston":2,"minecraft:egg":3,"minecraft:raw_iron":20,"minecraft:copper_ingot":2,"minecraft:carrot":1,"minecraft:redstone":195,"minecraft:dark_oak_planks":1,"minecraft:arrow":241,"minecraft:diamond_chestplate":4,"minecraft:shears":12,"minecraft:mutton":12,"minecraft:white_wool":11,"minecraft:tripwire_hook":1,"minecraft:salmon":12,"minecraft:leather":16,"minecraft:filled_map":2,"minecraft:oak_log":791,"minecraft:yellow_bed":5,"minecraft:gunpowder":12,"minecraft:white_banner":6,"minecraft:cooked_mutton":18,"minecraft:apple":14,"minecraft:kelp":331,"minecraft:warped_stem":65,"minecraft:iron_ingot":198,"minecraft:stone_pickaxe":17,"minecraft:iron_sword":19,"minecraft:oak_slab":17,"minecraft:warped_fungus":1,"minecraft:dandelion":7,"minecraft:gravel":25,"minecraft:blast_furnace":1,"minecraft:white_bed":6,"minecraft:spider_eye":2,"minecraft:stripped_jungle_log":10,"minecraft:iron_helmet":9,"minecraft:diamond_axe":15,"minecraft:baked_potato":37,"minecraft:black_wool":1,"minecraft:coal":19,"minecraft:hopper":3,"minecraft:ender_pearl":330},"minecraft:custom":{"minecraft:interact_with_crafting_table":35,"minecraft:open_shulker_box":1,"minecraft:leave_game":27,"minecraft:time_since_death":184660,"minecraft:sprint_one_cm":1254449,"minecraft:drop":164,"minecraft:talked_to_villager":239,"minecraft:play_time":708145,"minecraft:deaths":46,"minecraft:jump":8495,"minecraft:walk_on_water_one_cm":80016,"minecraft:interact_with_furnace":87,"minecraft:sleep_in_bed":6,"minecraft:damage_dealt":36420,"minecraft:player_kills":5,"minecraft:crouch_one_cm":19424,"minecraft:inspect_dispenser":4,"minecraft:mob_kills":8011,"minecraft:interact_with_anvil":3,"minecraft:inspect_hopper":5,"minecraft:climb_one_cm":3028,"minecraft:walk_one_cm":1453531,"minecraft:sneak_time":10451,"minecraft:walk_under_water_one_cm":62986,"minecraft:boat_one_cm":4370,"minecraft:interact_with_blast_furnace":1,"minecraft:total_world_time":708145,"minecraft:raid_trigger":1,"minecraft:time_since_rest":184690,"minecraft:damage_taken":20033,"minecraft:swim_one_cm":159602,"minecraft:fly_one_cm":1933557,"minecraft:open_chest":177,"minecraft:fish_caught":17,"minecraft:fall_one_cm":261192},"minecraft:used":{"minecraft:iron_shovel":235,"minecraft:dispenser":1,"minecraft:oak_sign":14,"minecraft:chest":6,"minecraft:iron_sword":580,"minecraft:zombie_spawn_egg":2,"minecraft:rotten_flesh":14,"minecraft:iron_chestplate":4,"minecraft:mutton":1,"minecraft:carrot":1,"minecraft:tuff":4,"minecraft:jungle_sapling":60,"minecraft:lava_bucket":3,"minecraft:iron_helmet":5,"minecraft:bow":78,"minecraft:oak_sapling":10,"minecraft:egg":3,"minecraft:oak_chest_boat":1,"minecraft:stone_pickaxe":3,"minecraft:oak_planks":4,"minecraft:ender_pearl":1,"minecraft:wooden_pickaxe":31,"minecraft:diamond_axe":60,"minecraft:blast_furnace":2,"minecraft:shears":9,"minecraft:bread":28,"minecraft:string":20,"minecraft:gravel":1,"minecraft:diamond_sword":947,"minecraft:wooden_sword":53,"minecraft:birch_log":121,"minecraft:bone_meal":316,"minecraft:oak_trapdoor":11,"minecraft:oak_fence":25,"minecraft:tropical_fish":2,"minecraft:dried_kelp":16,"minecraft:wooden_shovel":261,"minecraft:oak_door":1,"minecraft:torch":4,"minecraft:dirt":169,"minecraft:white_carpet":3,"minecraft:hopper":3,"minecraft:shulker_box":1,"minecraft:iron_block":6,"minecraft:iron_axe":167,"minecraft:jungle_log":5,"minecraft:iron_boots":3,"minecraft:diamond_chestplate":2,"minecraft:cooked_beef":7,"minecraft:iron_leggings":3,"minecraft:cooked_mutton":6,"minecraft:water_bucket":19,"minecraft:baked_potato":46,"minecraft:oak_slab":16,"minecraft:crafting_table":6,"minecraft:white_bed":3,"minecraft:campfire":13,"minecraft:cod":2,"minecraft:oak_log":184,"minecraft:piston":4,"minecraft:diamond_pickaxe":7,"minecraft:apple":1,"minecraft:chicken":2,"minecraft:iron_pickaxe":165,"minecraft:fishing_rod":27,"minecraft:cobblestone":4,"minecraft:cooked_porkchop":23,"minecraft:bucket":21,"minecraft:yellow_bed":5,"minecraft:diamond_leggings":2},"minecraft:crafted":{"minecraft:oak_planks":252,"minecraft:oak_sign":6,"minecraft:cooked_mutton":6,"minecraft:hopper":3,"minecraft:diamond_leggings":1,"minecraft:bow":2,"minecraft:iron_boots":2,"minecraft:chest":8,"minecraft:dried_kelp_block":2,"minecraft:oak_fence":24,"minecraft:oak_slab":6,"minecraft:wooden_shovel":4,"minecraft:cooked_porkchop":11,"minecraft:diamond_axe":1,"minecraft:crafting_table":4,"minecraft:wooden_pickaxe":1,"minecraft:baked_potato":1,"minecraft:iron_helmet":2,"minecraft:dispenser":1,"minecraft:iron_chestplate":2,"minecraft:stick":46,"minecraft:iron_ingot":28,"minecraft:iron_pickaxe":2,"minecraft:shears":1,"minecraft:wooden_sword":1,"minecraft:bone_meal":441,"minecraft:oak_trapdoor":10,"minecraft:iron_axe":4,"minecraft:stone_pickaxe":1,"minecraft:cooked_beef":8,"minecraft:red_dye":39,"minecraft:diamond_sword":1,"minecraft:dried_kelp":35,"minecraft:iron_sword":2,"minecraft:bucket":3,"minecraft:air":0,"minecraft:jungle_planks":12,"minecraft:iron_shovel":1,"minecraft:iron_leggings":2,"minecraft:white_bed":1,"minecraft:torch":4,"minecraft:diamond_chestplate":1},"minecraft:killed_by":{"minecraft:creeper":3,"minecraft:zombie":9,"minecraft:player":1,"minecraft:iron_golem":27,"minecraft:skeleton":2},"minecraft:killed":{"minecraft:spider":11,"minecraft:skeleton":10,"minecraft:chicken":3,"minecraft:pig":9,"minecraft:iron_golem":4,"minecraft:creeper":2,"minecraft:sheep":9,"minecraft:trader_llama":2,"minecraft:pillager":12,"minecraft:zombie":38,"minecraft:cow":9,"minecraft:vindicator":4,"minecraft:phantom":2,"minecraft:horse":1,"minecraft:drowned":5,"minecraft:wandering_trader":1,"minecraft:enderman":7888},"minecraft:mined":{"minecraft:dark_oak_planks":1,"minecraft:white_bed":3,"minecraft:oak_sapling":3,"minecraft:jungle_leaves":5,"minecraft:grass_block":133,"minecraft:jungle_log":10,"minecraft:oak_wall_sign":3,"minecraft:iron_ore":3,"minecraft:fire":2,"minecraft:deepslate_lapis_ore":2,"minecraft:azure_bluet":1,"minecraft:oak_sign":1,"minecraft:dirt_path":20,"minecraft:iron_block":3,"minecraft:tripwire":2,"minecraft:deepslate_redstone_ore":26,"minecraft:kelp_plant":38,"minecraft:torch":4,"minecraft:blast_furnace":1,"minecraft:chest":1,"minecraft:cobblestone":1,"minecraft:oak_planks":3,"minecraft:deepslate_copper_ore":1,"minecraft:birch_log":14,"minecraft:warped_fungus":1,"minecraft:grass":87,"minecraft:oak_log":50,"minecraft:dirt":249,"minecraft:piston":2,"minecraft:oak_leaves":55,"minecraft:deepslate":27,"minecraft:tuff":16,"minecraft:deepslate_diamond_ore":6,"minecraft:shulker_box":1,"minecraft:kelp":16,"minecraft:redstone_ore":17,"minecraft:oak_trapdoor":1,"minecraft:carrots":1,"minecraft:jungle_sapling":12,"minecraft:andesite":6,"minecraft:vine":16,"minecraft:warped_stem":21,"minecraft:stripped_jungle_log":4,"minecraft:chorus_plant":1,"minecraft:bamboo":16,"minecraft:stone":23,"minecraft:oak_slab":11,"minecraft:dandelion":1,"minecraft:oak_fence":5,"minecraft:crafting_table":3,"minecraft:tall_grass":8,"minecraft:copper_ore":11,"minecraft:diorite":6,"minecraft:white_carpet":1,"minecraft:yellow_bed":5,"minecraft:coal_ore":10,"minecraft:cocoa":1,"minecraft:gravel":26,"minecraft:fern":7}},"DataVersion":3337}