{"stats":{"minecraft:custom":{"minecraft:interact_with_furnace":21,"minecraft:mob_kills":41,"minecraft:interact_with_crafting_table":16,"minecraft:leave_game":5,"minecraft:time_since_death":54974,"minecraft:climb_one_cm":2300,"minecraft:time_since_rest":55001,"minecraft:sprint_one_cm":256014,"minecraft:damage_taken":2548,"minecraft:walk_one_cm":186212,"minecraft:drop":15,"minecraft:damage_dealt":7657,"minecraft:talked_to_villager":1,"minecraft:swim_one_cm":67720,"minecraft:fly_one_cm":488564,"minecraft:open_chest":13,"minecraft:crouch_one_cm":1422,"minecraft:play_time":114000,"minecraft:sneak_time":1039,"minecraft:deaths":4,"minecraft:walk_under_water_one_cm":14097,"minecraft:jump":2205,"minecraft:walk_on_water_one_cm":11953,"minecraft:fish_caught":14,"minecraft:total_world_time":114000,"minecraft:inspect_dispenser":4,"minecraft:fall_one_cm":70495},"minecraft:dropped":{"minecraft:porkchop":2,"minecraft:wheat_seeds":2,"minecraft:tuff":1,"minecraft:cobblestone":1,"minecraft:rotten_flesh":5,"minecraft:oak_sapling":1,"minecraft:arrow":4,"minecraft:string":3,"minecraft:dandelion":3},"minecraft:picked_up":{"minecraft:cocoa_beans":3,"minecraft:crafting_table":1,"minecraft:prismarine_shard":8,"minecraft:salmon":4,"minecraft:leather":6,"minecraft:wooden_pickaxe":1,"minecraft:enchanted_book":3,"minecraft:tuff":5,"minecraft:oak_log":29,"minecraft:dirt":23,"minecraft:string":11,"minecraft:wooden_sword":1,"minecraft:pufferfish":1,"minecraft:bone":9,"minecraft:bow":2,"minecraft:wheat_seeds":2,"minecraft:cobbled_deepslate":31,"minecraft:iron_ingot":6,"minecraft:beef":7,"minecraft:stone_pickaxe":1,"minecraft:jungle_sapling":1,"minecraft:iron_pickaxe":1,"minecraft:bamboo":17,"minecraft:oak_planks":13,"minecraft:egg":1,"minecraft:stick":6,"minecraft:cooked_porkchop":22,"minecraft:dandelion":3,"minecraft:gravel":1,"minecraft:porkchop":12,"minecraft:spider_eye":1,"minecraft:dark_oak_planks":1,"minecraft:arrow":12,"minecraft:rotten_flesh":9,"minecraft:tropical_fish":2,"minecraft:diamond":6,"minecraft:cod":7,"minecraft:oak_sapling":7,"minecraft:mutton":6,"minecraft:white_wool":4,"minecraft:cobblestone":12},"minecraft:used":{"minecraft:dispenser":1,"minecraft:stone_pickaxe":3,"minecraft:oak_planks":3,"minecraft:chest":2,"minecraft:wooden_pickaxe":31,"minecraft:iron_sword":77,"minecraft:diamond_axe":5,"minecraft:rotten_flesh":4,"minecraft:iron_chestplate":1,"minecraft:dirt":3,"minecraft:crafting_table":2,"minecraft:tuff":4,"minecraft:iron_pickaxe":44,"minecraft:iron_helmet":1,"minecraft:fishing_rod":22,"minecraft:wooden_sword":53,"minecraft:cooked_porkchop":18,"minecraft:egg":1,"minecraft:cooked_beef":1,"minecraft:iron_leggings":1},"minecraft:crafted":{"minecraft:cooked_beef":7,"minecraft:wooden_sword":1,"minecraft:oak_planks":40,"minecraft:cooked_porkchop":10,"minecraft:diamond_axe":1,"minecraft:crafting_table":2,"minecraft:wooden_pickaxe":1,"minecraft:iron_helmet":1,"minecraft:iron_sword":1,"minecraft:cooked_mutton":6,"minecraft:air":0,"minecraft:dispenser":1,"minecraft:bow":1,"minecraft:iron_boots":1,"minecraft:iron_chestplate":1,"minecraft:stick":14,"minecraft:iron_ingot":28,"minecraft:iron_pickaxe":1,"minecraft:stone_pickaxe":1,"minecraft:chest":2,"minecraft:iron_leggings":1},"minecraft:killed":{"minecraft:pig":5,"minecraft:spider":8,"minecraft:iron_golem":1,"minecraft:sheep":4,"minecraft:skeleton":5,"minecraft:zombie":11,"minecraft:cow":5},"minecraft:killed_by":{"minecraft:skeleton":2,"minecraft:zombie":1},"minecraft:mined":{"minecraft:dark_oak_planks":1,"minecraft:tuff":5,"minecraft:deepslate_diamond_ore":6,"minecraft:jungle_leaves":4,"minecraft:grass_block":7,"minecraft:oak_planks":3,"minecraft:grass":22,"minecraft:vine":4,"minecraft:oak_log":9,"minecraft:cocoa":1,"minecraft:gravel":2,"minecraft:bamboo":2,"minecraft:stone":11,"minecraft:deepslate":19,"minecraft:oak_leaves":6,"minecraft:fern":7},"minecraft:broken":{"minecraft:wooden_pickaxe":1}},"DataVersion":3337}