{"stats":{"minecraft:dropped":{"minecraft:iron_ingot":16,"minecraft:iron_sword":1,"minecraft:oak_slab":1,"minecraft:porkchop":2,"minecraft:wheat_seeds":8,"minecraft:diamond_axe":1,"minecraft:cooked_beef":1,"minecraft:oak_log":8,"minecraft:feather":1,"minecraft:prismarine_shard":9,"minecraft:oak_fence":4,"minecraft:iron_helmet":1,"minecraft:cobblestone":25,"minecraft:leather":6,"minecraft:apple":1,"minecraft:tropical_fish":2,"minecraft:coal":9,"minecraft:stick":74,"minecraft:cod":4,"minecraft:dirt":22,"minecraft:torch":3,"minecraft:dried_kelp":1,"minecraft:red_dye":7,"minecraft:bucket":4,"minecraft:string":3,"minecraft:birch_log":1,"minecraft:white_wool":3,"minecraft:bone":7,"minecraft:dandelion":3,"minecraft:furnace":2,"minecraft:kelp":1,"minecraft:zombie_spawn_egg":1,"minecraft:raw_copper":41,"minecraft:tuff":1,"minecraft:wheat":4,"minecraft:birch_sapling":8,"minecraft:raw_iron":3,"minecraft:chicken":1,"minecraft:rotten_flesh":26,"minecraft:oak_planks":11,"minecraft:shears":2,"minecraft:salmon":6,"minecraft:poppy":6,"minecraft:gunpowder":4,"minecraft:diamond_chestplate":3,"minecraft:oak_boat":1,"minecraft:oak_sapling":3,"minecraft:arrow":6,"minecraft:bow":1,"minecraft:beef":6,"minecraft:stone_pickaxe":1,"minecraft:bread":69,"minecraft:enchanted_book":1},"minecraft:mined":{"minecraft:dark_oak_planks":1,"minecraft:tuff":16,"minecraft:white_bed":3,"minecraft:deepslate_diamond_ore":6,"minecraft:jungle_leaves":4,"minecraft:grass_block":133,"minecraft:kelp":16,"minecraft:oak_wall_sign":3,"minecraft:redstone_ore":17,"minecraft:oak_trapdoor":1,"minecraft:carrots":1,"minecraft:iron_ore":3,"minecraft:fire":2,"minecraft:andesite":6,"minecraft:deepslate_lapis_ore":2,"minecraft:oak_sign":1,"minecraft:dirt_path":20,"minecraft:vine":4,"minecraft:bamboo":16,"minecraft:stone":23,"minecraft:deepslate_redstone_ore":26,"minecraft:oak_slab":11,"minecraft:kelp_plant":38,"minecraft:dandelion":1,"minecraft:oak_fence":4,"minecraft:crafting_table":3,"minecraft:torch":1,"minecraft:tall_grass":4,"minecraft:copper_ore":11,"minecraft:cobblestone":1,"minecraft:oak_planks":3,"minecraft:diorite":6,"minecraft:deepslate_copper_ore":1,"minecraft:birch_log":14,"minecraft:yellow_bed":5,"minecraft:grass":81,"minecraft:coal_ore":10,"minecraft:oak_log":40,"minecraft:cocoa":1,"minecraft:gravel":24,"minecraft:dirt":248,"minecraft:oak_leaves":55,"minecraft:deepslate":27,"minecraft:fern":7},"minecraft:crafted":{"minecraft:wooden_sword":1,"minecraft:oak_planks":252,"minecraft:oak_sign":6,"minecraft:cooked_mutton":6,"minecraft:oak_trapdoor":10,"minecraft:hopper":3,"minecraft:diamond_leggings":1,"minecraft:bow":2,"minecraft:iron_boots":2,"minecraft:iron_axe":4,"minecraft:stone_pickaxe":1,"minecraft:chest":7,"minecraft:dried_kelp_block":2,"minecraft:oak_fence":24,"minecraft:cooked_beef":8,"minecraft:red_dye":39,"minecraft:oak_slab":6,"minecraft:wooden_shovel":4,"minecraft:cooked_porkchop":11,"minecraft:diamond_axe":1,"minecraft:crafting_table":4,"minecraft:wooden_pickaxe":1,"minecraft:dried_kelp":35,"minecraft:baked_potato":1,"minecraft:iron_helmet":2,"minecraft:iron_sword":2,"minecraft:bucket":3,"minecraft:air":0,"minecraft:dispenser":1,"minecraft:iron_chestplate":2,"minecraft:stick":46,"minecraft:iron_ingot":28,"minecraft:iron_pickaxe":2,"minecraft:iron_shovel":1,"minecraft:iron_leggings":2,"minecraft:white_bed":1,"minecraft:torch":4,"minecraft:shears":1,"minecraft:diamond_chestplate":1},"minecraft:broken":{"minecraft:wooden_shovel":4,"minecraft:wooden_pickaxe":1,"minecraft:iron_axe":3,"minecraft:iron_helmet":1},"minecraft:picked_up":{"minecraft:fishing_rod":4,"minecraft:cocoa_beans":3,"minecraft:crafting_table":16,"minecraft:iron_chestplate":17,"minecraft:wheat":4,"minecraft:chicken":3,"minecraft:prismarine_shard":129,"minecraft:lead":47,"minecraft:wooden_pickaxe":1,"minecraft:enchanted_book":18,"minecraft:oak_trapdoor":2,"minecraft:string":19,"minecraft:raw_copper":41,"minecraft:iron_axe":2,"minecraft:wooden_sword":1,"minecraft:iron_leggings":6,"minecraft:iron_shovel":2,"minecraft:pufferfish":1,"minecraft:oak_sign":11,"minecraft:diamond_leggings":1,"minecraft:cobbled_deepslate":40,"minecraft:bucket":6,"minecraft:beef":20,"minecraft:red_dye":70,"minecraft:oak_boat":1,"minecraft:player_head":16,"minecraft:jungle_sapling":1,"minecraft:poppy":18,"minecraft:iron_pickaxe":16,"minecraft:chest":4,"minecraft:birch_sapling":39,"minecraft:furnace":6,"minecraft:iron_boots":6,"minecraft:egg":3,"minecraft:stick":1822,"minecraft:raw_iron":3,"minecraft:oak_fence":46,"minecraft:torch":6,"minecraft:porkchop":20,"minecraft:diorite":7,"minecraft:carrot":1,"minecraft:redstone":195,"minecraft:dark_oak_planks":1,"minecraft:rotten_flesh":91,"minecraft:diamond_chestplate":2,"minecraft:arrow":136,"minecraft:tropical_fish":22,"minecraft:shears":11,"minecraft:mutton":12,"minecraft:cod":12,"minecraft:white_wool":9,"minecraft:cobblestone":186,"minecraft:birch_log":292,"minecraft:feather":3,"minecraft:cooked_beef":2,"minecraft:andesite":7,"minecraft:water_bucket":3,"minecraft:salmon":12,"minecraft:leather":16,"minecraft:tuff":19,"minecraft:oak_log":699,"minecraft:yellow_bed":5,"minecraft:gunpowder":12,"minecraft:dirt":569,"minecraft:lapis_lazuli":10,"minecraft:cooked_mutton":18,"minecraft:bone":52,"minecraft:apple":9,"minecraft:kelp":331,"minecraft:bow":8,"minecraft:wheat_seeds":36,"minecraft:stone_pickaxe":17,"minecraft:iron_ingot":198,"minecraft:bamboo":198,"minecraft:oak_planks":79,"minecraft:honeycomb":39,"minecraft:iron_sword":17,"minecraft:oak_slab":17,"minecraft:cooked_porkchop":38,"minecraft:dandelion":7,"minecraft:gravel":23,"minecraft:white_bed":4,"minecraft:spider_eye":1,"minecraft:diamond":6,"minecraft:iron_helmet":7,"minecraft:diamond_axe":15,"minecraft:baked_potato":29,"minecraft:oak_sapling":113,"minecraft:black_wool":1,"minecraft:hopper":3,"minecraft:coal":19},"minecraft:custom":{"minecraft:mob_kills":90,"minecraft:interact_with_anvil":3,"minecraft:inspect_hopper":4,"minecraft:interact_with_crafting_table":33,"minecraft:leave_game":20,"minecraft:time_since_death":46916,"minecraft:climb_one_cm":2300,"minecraft:sprint_one_cm":927003,"minecraft:walk_one_cm":929858,"minecraft:drop":123,"minecraft:talked_to_villager":239,"minecraft:play_time":438841,"minecraft:deaths":44,"minecraft:sneak_time":7397,"minecraft:walk_under_water_one_cm":44746,"minecraft:boat_one_cm":4370,"minecraft:jump":6491,"minecraft:walk_on_water_one_cm":67625,"minecraft:total_world_time":438841,"minecraft:interact_with_furnace":77,"minecraft:sleep_in_bed":6,"minecraft:time_since_rest":46950,"minecraft:damage_taken":17072,"minecraft:damage_dealt":18685,"minecraft:player_kills":4,"minecraft:swim_one_cm":98334,"minecraft:fly_one_cm":1474643,"minecraft:open_chest":90,"minecraft:crouch_one_cm":15563,"minecraft:fish_caught":17,"minecraft:fall_one_cm":200875,"minecraft:inspect_dispenser":4},"minecraft:killed_by":{"minecraft:player":1,"minecraft:creeper":2,"minecraft:iron_golem":27,"minecraft:skeleton":2,"minecraft:zombie":9},"minecraft:killed":{"minecraft:spider":8,"minecraft:horse":1,"minecraft:skeleton":8,"minecraft:chicken":3,"minecraft:drowned":1,"minecraft:pig":9,"minecraft:iron_golem":4,"minecraft:wandering_trader":1,"minecraft:creeper":2,"minecraft:sheep":9,"minecraft:trader_llama":2,"minecraft:zombie":32,"minecraft:cow":9},"minecraft:used":{"minecraft:oak_fence":25,"minecraft:oak_trapdoor":11,"minecraft:iron_shovel":235,"minecraft:tropical_fish":2,"minecraft:dried_kelp":16,"minecraft:dispenser":1,"minecraft:oak_sign":14,"minecraft:chest":4,"minecraft:iron_sword":254,"minecraft:zombie_spawn_egg":2,"minecraft:oak_door":1,"minecraft:wooden_shovel":261,"minecraft:rotten_flesh":14,"minecraft:iron_chestplate":4,"minecraft:torch":1,"minecraft:dirt":169,"minecraft:mutton":1,"minecraft:hopper":3,"minecraft:carrot":1,"minecraft:tuff":4,"minecraft:lava_bucket":3,"minecraft:iron_block":1,"minecraft:iron_axe":70,"minecraft:iron_helmet":4,"minecraft:iron_boots":2,"minecraft:diamond_chestplate":1,"minecraft:bow":21,"minecraft:oak_sapling":4,"minecraft:egg":3,"minecraft:cooked_beef":7,"minecraft:oak_chest_boat":1,"minecraft:iron_leggings":3,"minecraft:cooked_mutton":6,"minecraft:water_bucket":18,"minecraft:stone_pickaxe":3,"minecraft:oak_planks":4,"minecraft:baked_potato":23,"minecraft:wooden_pickaxe":31,"minecraft:diamond_axe":60,"minecraft:oak_slab":16,"minecraft:crafting_table":5,"minecraft:campfire":12,"minecraft:white_bed":3,"minecraft:cod":2,"minecraft:shears":1,"minecraft:oak_log":180,"minecraft:apple":1,"minecraft:chicken":2,"minecraft:iron_pickaxe":162,"minecraft:fishing_rod":27,"minecraft:wooden_sword":53,"minecraft:cobblestone":4,"minecraft:cooked_porkchop":23,"minecraft:bucket":20,"minecraft:birch_log":121,"minecraft:yellow_bed":5,"minecraft:diamond_leggings":1}},"DataVersion":3337}