{"stats":{"minecraft:custom":{"minecraft:mob_kills":50,"minecraft:inspect_hopper":11,"minecraft:interact_with_crafting_table":17,"minecraft:open_barrel":25,"minecraft:leave_game":13,"minecraft:time_since_death":23450,"minecraft:climb_one_cm":4152,"minecraft:sprint_one_cm":452320,"minecraft:walk_one_cm":381583,"minecraft:drop":92,"minecraft:talked_to_villager":1,"minecraft:play_time":268819,"minecraft:deaths":28,"minecraft:sneak_time":9769,"minecraft:walk_under_water_one_cm":29885,"minecraft:boat_one_cm":129806,"minecraft:jump":2025,"minecraft:interact_with_blast_furnace":14,"minecraft:walk_on_water_one_cm":26467,"minecraft:total_world_time":268819,"minecraft:interact_with_furnace":4,"minecraft:sleep_in_bed":3,"minecraft:time_since_rest":1028,"minecraft:damage_taken":8965,"minecraft:damage_dealt":8070,"minecraft:swim_one_cm":63197,"minecraft:fly_one_cm":1922652,"minecraft:open_chest":69,"minecraft:crouch_one_cm":13047,"minecraft:aviate_one_cm":53926,"minecraft:interact_with_smoker":2,"minecraft:fall_one_cm":90588},"minecraft:killed":{"minecraft:evoker":1,"minecraft:witch":2,"minecraft:vindicator":13,"minecraft:spider":2,"minecraft:skeleton":7,"minecraft:turtle":1,"minecraft:sheep":4,"minecraft:pillager":12,"minecraft:zombie":4},"minecraft:crafted":{"minecraft:oak_planks":56,"minecraft:raw_iron":207,"minecraft:iron_boots":1,"minecraft:spruce_boat":1,"minecraft:dark_oak_planks":24,"minecraft:raw_iron_block":19,"minecraft:wheat":252,"minecraft:crafting_table":8,"minecraft:spruce_planks":68,"minecraft:iron_helmet":1,"minecraft:iron_sword":1,"minecraft:bread":84,"minecraft:oak_boat":1,"minecraft:iron_chestplate":2,"minecraft:stick":44,"minecraft:iron_pickaxe":2,"minecraft:wooden_axe":3,"minecraft:iron_leggings":2,"minecraft:golden_hoe":2},"minecraft:killed_by":{"minecraft:player":6,"minecraft:creeper":1,"minecraft:pillager":3,"minecraft:enderman":1,"minecraft:vindicator":6,"minecraft:skeleton":1},"minecraft:dropped":{"minecraft:bread":22,"minecraft:enchanted_book":2,"minecraft:brown_mushroom":6,"minecraft:baked_potato":28,"minecraft:mossy_cobblestone":1,"minecraft:diamond":89,"minecraft:crafting_table":1,"minecraft:crossbow":6,"minecraft:cobblestone":3,"minecraft:book":5,"minecraft:granite":8,"minecraft:saddle":2,"minecraft:coal":10,"minecraft:stick":9,"minecraft:emerald":41,"minecraft:dirt":1,"minecraft:deepslate_brick_stairs":1,"minecraft:dark_oak_fence":2,"minecraft:torch":1,"minecraft:spruce_sapling":1,"minecraft:gold_ingot":16,"minecraft:string":2,"minecraft:dark_oak_planks":15,"minecraft:redstone":13,"minecraft:gray_carpet":13,"minecraft:stone_axe":1,"minecraft:golden_chestplate":1,"minecraft:coarse_dirt":14,"minecraft:cobbled_deepslate":1,"minecraft:bowl":1,"minecraft:experience_bottle":9,"minecraft:raw_iron":7,"minecraft:light_gray_carpet":7,"minecraft:totem_of_undying":1,"minecraft:blast_furnace":1,"minecraft:deepslate_bricks":2,"minecraft:filled_map":2,"minecraft:potato":4,"minecraft:shield":4,"minecraft:gunpowder":4,"minecraft:iron_chestplate":1,"minecraft:hopper":2,"minecraft:golden_leggings":1,"minecraft:iron_bars":1,"minecraft:globe_banner_pattern":1,"minecraft:brick":78},"minecraft:broken":{"minecraft:golden_hoe":1,"minecraft:golden_axe":1,"minecraft:iron_axe":1},"minecraft:picked_up":{"minecraft:wooden_axe":2,"minecraft:iron_chestplate":4,"minecraft:seagrass":1,"minecraft:crafting_table":2,"minecraft:coarse_dirt":14,"minecraft:brown_mushroom":6,"minecraft:golden_pickaxe":2,"minecraft:potion":2,"minecraft:enchanted_book":2,"minecraft:brick":190,"minecraft:shield":4,"minecraft:polished_deepslate":2,"minecraft:string":4,"minecraft:iron_axe":9,"minecraft:flint_and_steel":2,"minecraft:iron_leggings":3,"minecraft:experience_bottle":5,"minecraft:beetroot":8,"minecraft:cobbled_deepslate":54,"minecraft:oak_boat":1,"minecraft:iron_nugget":17,"minecraft:iron_pickaxe":4,"minecraft:melon_slice":236,"minecraft:coal_block":7,"minecraft:iron_boots":2,"minecraft:stick":69,"minecraft:raw_iron":182,"minecraft:copper_ingot":16,"minecraft:torch":5,"minecraft:golden_axe":2,"minecraft:diorite":12,"minecraft:carrot":120,"minecraft:redstone":128,"minecraft:golden_chestplate":1,"minecraft:dark_oak_planks":15,"minecraft:tnt":12,"minecraft:arrow":142,"minecraft:rotten_flesh":5,"minecraft:decorated_pot":4,"minecraft:golden_hoe":1,"minecraft:deepslate_bricks":4,"minecraft:hay_block":92,"minecraft:glowstone":2,"minecraft:totem_of_undying":3,"minecraft:saddle":5,"minecraft:gold_ingot":66,"minecraft:deepslate_brick_stairs":1,"minecraft:mutton":12,"minecraft:obsidian":8,"minecraft:iron_bars":1,"minecraft:cobblestone":66,"minecraft:white_wool":11,"minecraft:birch_log":14,"minecraft:clock":3,"minecraft:cooked_beef":2,"minecraft:andesite":3,"minecraft:golden_leggings":1,"minecraft:red_mushroom":4,"minecraft:potato":4,"minecraft:filled_map":2,"minecraft:mushroom_stew":1,"minecraft:tuff":42,"minecraft:oak_log":81,"minecraft:gunpowder":29,"minecraft:lapis_lazuli":48,"minecraft:dirt":9,"minecraft:paper":100,"minecraft:cooked_mutton":1,"minecraft:coast_armor_trim_smithing_template":4,"minecraft:bone":127,"minecraft:apple":5,"minecraft:gray_carpet":21,"minecraft:bow":1,"minecraft:wheat_seeds":5,"minecraft:cobbled_deepslate_wall":1,"minecraft:iron_ingot":65,"minecraft:moss_block":11,"minecraft:iron_sword":2,"minecraft:oak_planks":37,"minecraft:book":40,"minecraft:cooked_porkchop":81,"minecraft:dandelion":5,"minecraft:spyglass":4,"minecraft:raw_iron_block":49,"minecraft:gravel":2,"minecraft:birch_stairs":2,"minecraft:red_banner":2,"minecraft:spruce_sapling":8,"minecraft:blast_furnace":2,"minecraft:white_bed":1,"minecraft:spruce_log":51,"minecraft:dark_oak_log":5,"minecraft:spider_eye":3,"minecraft:mossy_cobblestone":1,"minecraft:diamond":116,"minecraft:stone_axe":4,"minecraft:iron_helmet":1,"minecraft:crossbow":21,"minecraft:granite":24,"minecraft:golden_apple":2,"minecraft:bread":121,"minecraft:emerald":37,"minecraft:baked_potato":174,"minecraft:coal":130,"minecraft:oak_sapling":2,"minecraft:light_gray_carpet":9,"minecraft:stripped_dark_oak_log":1,"minecraft:dark_oak_fence":5,"minecraft:hopper":3},"minecraft:used":{"minecraft:polished_deepslate":2,"minecraft:redstone":2,"minecraft:bamboo_sign":3,"minecraft:decorated_pot":4,"minecraft:iron_sword":49,"minecraft:warped_sign":4,"minecraft:cooked_chicken":5,"minecraft:iron_chestplate":2,"minecraft:torch":1,"minecraft:dirt":26,"minecraft:white_carpet":1,"minecraft:raw_iron_block":3,"minecraft:golden_chestplate":1,"minecraft:obsidian":1,"minecraft:spruce_boat":1,"minecraft:wooden_axe":6,"minecraft:dark_oak_planks":5,"minecraft:iron_axe":130,"minecraft:iron_boots":1,"minecraft:birch_button":2,"minecraft:bow":16,"minecraft:stone_pressure_plate":4,"minecraft:cooked_beef":5,"minecraft:red_dye":3,"minecraft:iron_leggings":3,"minecraft:golden_axe":16,"minecraft:cooked_mutton":1,"minecraft:sandstone_stairs":1,"minecraft:oak_planks":5,"minecraft:baked_potato":7,"minecraft:sandstone":259,"minecraft:white_dye":2,"minecraft:glow_ink_sac":8,"minecraft:deepslate_bricks":2,"minecraft:blue_dye":3,"minecraft:golden_hoe":60,"minecraft:sand":85,"minecraft:crafting_table":8,"minecraft:mushroom_stew":1,"minecraft:crossbow":2,"minecraft:white_bed":1,"minecraft:oak_log":17,"minecraft:black_wool":31,"minecraft:command_block":24,"minecraft:bread":20,"minecraft:stone_button":7,"minecraft:iron_pickaxe":140,"minecraft:golden_leggings":1,"minecraft:crimson_sign":5,"minecraft:stone_axe":5,"minecraft:end_crystal":1,"minecraft:cooked_porkchop":4,"minecraft:dark_oak_fence":1,"minecraft:oak_boat":1,"minecraft:birch_stairs":1},"minecraft:mined":{"minecraft:tuff":24,"minecraft:white_bed":1,"minecraft:mossy_cobblestone":1,"minecraft:deepslate_diamond_ore":2,"minecraft:dark_oak_log":5,"minecraft:granite":8,"minecraft:dark_oak_fence":4,"minecraft:grass_block":2,"minecraft:decorated_pot":36,"minecraft:deepslate_bricks":1,"minecraft:coal_block":7,"minecraft:spruce_leaves":14,"minecraft:hopper":1,"minecraft:hay_block":54,"minecraft:raw_iron_block":25,"minecraft:fire":68,"minecraft:andesite":1,"minecraft:polished_deepslate":2,"minecraft:stone":21,"minecraft:birch_stairs":1,"minecraft:stripped_dark_oak_log":1,"minecraft:crafting_table":1,"minecraft:short_grass":8,"minecraft:blast_furnace":1,"minecraft:tall_grass":4,"minecraft:cobblestone":2,"minecraft:diorite":4,"minecraft:coarse_dirt":14,"minecraft:birch_log":1,"minecraft:spruce_log":6,"minecraft:oak_log":25,"minecraft:dirt":3,"minecraft:oak_leaves":2,"minecraft:deepslate":29,"minecraft:fern":1}},"DataVersion":3955}