{"stats":{"minecraft:custom":{"minecraft:time_since_rest":7001,"minecraft:interact_with_furnace":3,"minecraft:sprint_one_cm":136947,"minecraft:damage_taken":1817,"minecraft:walk_one_cm":89478,"minecraft:mob_kills":20,"minecraft:drop":7,"minecraft:damage_dealt":3580,"minecraft:swim_one_cm":41990,"minecraft:talked_to_villager":1,"minecraft:interact_with_crafting_table":4,"minecraft:fly_one_cm":287845,"minecraft:open_chest":2,"minecraft:crouch_one_cm":531,"minecraft:play_time":66000,"minecraft:deaths":4,"minecraft:sneak_time":336,"minecraft:walk_under_water_one_cm":6817,"minecraft:jump":1274,"minecraft:leave_game":5,"minecraft:time_since_death":6974,"minecraft:walk_on_water_one_cm":2883,"minecraft:climb_one_cm":2300,"minecraft:total_world_time":66000,"minecraft:fall_one_cm":45192},"minecraft:dropped":{"minecraft:porkchop":2,"minecraft:wheat_seeds":2,"minecraft:arrow":4,"minecraft:string":3},"minecraft:picked_up":{"minecraft:cocoa_beans":3,"minecraft:stick":3,"minecraft:cooked_porkchop":22,"minecraft:leather":6,"minecraft:wooden_pickaxe":1,"minecraft:enchanted_book":2,"minecraft:porkchop":7,"minecraft:oak_log":4,"minecraft:string":5,"minecraft:dirt":19,"minecraft:rotten_flesh":2,"minecraft:wooden_sword":1,"minecraft:bone":4,"minecraft:arrow":6,"minecraft:wheat_seeds":2,"minecraft:beef":7,"minecraft:iron_ingot":5,"minecraft:stone_pickaxe":1,"minecraft:jungle_sapling":1,"minecraft:iron_pickaxe":1,"minecraft:bamboo":12,"minecraft:mutton":6,"minecraft:oak_planks":13,"minecraft:white_wool":4,"minecraft:cobblestone":3,"minecraft:egg":1},"minecraft:used":{"minecraft:stone_pickaxe":2,"minecraft:oak_planks":3,"minecraft:wooden_pickaxe":31,"minecraft:wooden_sword":53,"minecraft:dirt":3,"minecraft:crafting_table":1,"minecraft:cooked_porkchop":10,"minecraft:egg":1},"minecraft:crafted":{"minecraft:wooden_sword":1,"minecraft:oak_planks":16,"minecraft:crafting_table":1,"minecraft:stick":8,"minecraft:iron_ingot":18,"minecraft:wooden_pickaxe":1,"minecraft:iron_pickaxe":1,"minecraft:stone_pickaxe":1,"minecraft:air":0},"minecraft:killed":{"minecraft:sheep":4,"minecraft:skeleton":2,"minecraft:zombie":2,"minecraft:pig":3,"minecraft:spider":2,"minecraft:iron_golem":1,"minecraft:cow":5},"minecraft:killed_by":{"minecraft:skeleton":2,"minecraft:zombie":1},"minecraft:mined":{"minecraft:jungle_leaves":4,"minecraft:grass":20,"minecraft:grass_block":3,"minecraft:oak_log":4,"minecraft:cocoa":1,"minecraft:vine":4,"minecraft:bamboo":1,"minecraft:stone":3,"minecraft:oak_planks":3,"minecraft:oak_leaves":5,"minecraft:fern":7},"minecraft:broken":{"minecraft:wooden_pickaxe":1}},"DataVersion":3337}