{"stats":{"minecraft:custom":{"minecraft:time_since_rest":3364,"minecraft:crouch_one_cm":161,"minecraft:play_time":19614,"minecraft:sprint_one_cm":43031,"minecraft:deaths":1,"minecraft:damage_taken":305,"minecraft:walk_one_cm":32478,"minecraft:sneak_time":99,"minecraft:drop":2,"minecraft:jump":353,"minecraft:damage_dealt":105,"minecraft:leave_game":3,"minecraft:time_since_death":3344,"minecraft:total_world_time":19614,"minecraft:fall_one_cm":14744,"minecraft:fly_one_cm":76067},"minecraft:picked_up":{"minecraft:wheat_seeds":2,"minecraft:bamboo":12,"minecraft:dirt":3,"minecraft:egg":1},"minecraft:dropped":{"minecraft:wheat_seeds":2},"minecraft:used":{"minecraft:dirt":3,"minecraft:egg":1},"minecraft:killed_by":{"minecraft:skeleton":1},"minecraft:mined":{"minecraft:grass":18,"minecraft:grass_block":3,"minecraft:vine":2,"minecraft:bamboo":1,"minecraft:fern":7}},"DataVersion":3337}