{"stats":{"minecraft:custom":{"minecraft:mob_kills":49,"minecraft:interact_with_crafting_table":18,"minecraft:leave_game":5,"minecraft:time_since_death":5741,"minecraft:climb_one_cm":2300,"minecraft:sprint_one_cm":400791,"minecraft:walk_one_cm":330381,"minecraft:drop":42,"minecraft:talked_to_villager":4,"minecraft:play_time":161994,"minecraft:deaths":5,"minecraft:sneak_time":3589,"minecraft:walk_under_water_one_cm":15192,"minecraft:jump":3171,"minecraft:walk_on_water_one_cm":16300,"minecraft:total_world_time":161994,"minecraft:interact_with_furnace":21,"minecraft:sleep_in_bed":1,"minecraft:time_since_rest":5761,"minecraft:damage_taken":3281,"minecraft:damage_dealt":10413,"minecraft:swim_one_cm":68079,"minecraft:fly_one_cm":718614,"minecraft:open_chest":14,"minecraft:crouch_one_cm":7153,"minecraft:fish_caught":17,"minecraft:fall_one_cm":96916,"minecraft:inspect_dispenser":4},"minecraft:picked_up":{"minecraft:fishing_rod":1,"minecraft:iron_chestplate":1,"minecraft:cocoa_beans":3,"minecraft:crafting_table":2,"minecraft:wheat":4,"minecraft:prismarine_shard":16,"minecraft:lead":11,"minecraft:wooden_pickaxe":1,"minecraft:enchanted_book":4,"minecraft:string":11,"minecraft:wooden_sword":1,"minecraft:iron_leggings":1,"minecraft:pufferfish":1,"minecraft:oak_sign":3,"minecraft:cobbled_deepslate":31,"minecraft:beef":7,"minecraft:player_head":1,"minecraft:jungle_sapling":1,"minecraft:poppy":1,"minecraft:iron_pickaxe":2,"minecraft:chest":2,"minecraft:iron_boots":1,"minecraft:egg":2,"minecraft:stick":22,"minecraft:porkchop":12,"minecraft:dark_oak_planks":1,"minecraft:arrow":14,"minecraft:rotten_flesh":25,"minecraft:tropical_fish":4,"minecraft:shears":1,"minecraft:mutton":6,"minecraft:cod":12,"minecraft:white_wool":4,"minecraft:cobblestone":12,"minecraft:cooked_beef":2,"minecraft:water_bucket":1,"minecraft:salmon":12,"minecraft:leather":6,"minecraft:tuff":5,"minecraft:oak_log":102,"minecraft:yellow_bed":5,"minecraft:dirt":162,"minecraft:cooked_mutton":6,"minecraft:bone":16,"minecraft:apple":2,"minecraft:bow":3,"minecraft:wheat_seeds":8,"minecraft:iron_ingot":13,"minecraft:stone_pickaxe":2,"minecraft:bamboo":17,"minecraft:oak_planks":20,"minecraft:honeycomb":6,"minecraft:iron_sword":1,"minecraft:oak_slab":2,"minecraft:cooked_porkchop":26,"minecraft:dandelion":3,"minecraft:gravel":1,"minecraft:white_bed":2,"minecraft:spider_eye":1,"minecraft:diamond":6,"minecraft:iron_helmet":1,"minecraft:diamond_axe":1,"minecraft:oak_sapling":11,"minecraft:coal":9,"minecraft:hopper":3},"minecraft:dropped":{"minecraft:iron_ingot":7,"minecraft:bread":64,"minecraft:oak_slab":1,"minecraft:porkchop":2,"minecraft:wheat_seeds":8,"minecraft:cooked_beef":1,"minecraft:prismarine_shard":8,"minecraft:cobblestone":1,"minecraft:apple":1,"minecraft:tropical_fish":2,"minecraft:coal":9,"minecraft:cod":4,"minecraft:stick":8,"minecraft:dirt":22,"minecraft:string":3,"minecraft:bucket":1,"minecraft:bone":7,"minecraft:dandelion":3,"minecraft:tuff":1,"minecraft:wheat":4,"minecraft:rotten_flesh":13,"minecraft:oak_planks":3,"minecraft:shears":1,"minecraft:salmon":6,"minecraft:poppy":1,"minecraft:oak_sapling":3,"minecraft:arrow":6},"minecraft:used":{"minecraft:oak_trapdoor":10,"minecraft:dispenser":1,"minecraft:oak_sign":9,"minecraft:chest":2,"minecraft:iron_sword":125,"minecraft:rotten_flesh":4,"minecraft:iron_chestplate":1,"minecraft:dirt":150,"minecraft:hopper":3,"minecraft:tuff":4,"minecraft:iron_helmet":1,"minecraft:egg":2,"minecraft:cooked_beef":6,"minecraft:iron_leggings":1,"minecraft:water_bucket":2,"minecraft:stone_pickaxe":3,"minecraft:oak_planks":3,"minecraft:wooden_pickaxe":31,"minecraft:diamond_axe":10,"minecraft:oak_slab":6,"minecraft:crafting_table":2,"minecraft:white_bed":2,"minecraft:cod":2,"minecraft:shears":1,"minecraft:iron_pickaxe":44,"minecraft:fishing_rod":25,"minecraft:wooden_sword":53,"minecraft:cooked_porkchop":22,"minecraft:bucket":2,"minecraft:yellow_bed":5},"minecraft:crafted":{"minecraft:wooden_sword":1,"minecraft:oak_planks":132,"minecraft:oak_sign":6,"minecraft:cooked_mutton":6,"minecraft:oak_trapdoor":10,"minecraft:hopper":3,"minecraft:bow":1,"minecraft:iron_boots":1,"minecraft:stone_pickaxe":1,"minecraft:chest":7,"minecraft:cooked_beef":7,"minecraft:oak_slab":6,"minecraft:cooked_porkchop":10,"minecraft:diamond_axe":1,"minecraft:crafting_table":3,"minecraft:wooden_pickaxe":1,"minecraft:iron_helmet":1,"minecraft:iron_sword":1,"minecraft:bucket":1,"minecraft:air":0,"minecraft:dispenser":1,"minecraft:iron_chestplate":1,"minecraft:stick":14,"minecraft:iron_ingot":28,"minecraft:iron_pickaxe":1,"minecraft:iron_leggings":1,"minecraft:shears":1},"minecraft:killed":{"minecraft:spider":8,"minecraft:skeleton":5,"minecraft:pig":5,"minecraft:iron_golem":2,"minecraft:sheep":4,"minecraft:zombie":18,"minecraft:cow":5},"minecraft:killed_by":{"minecraft:skeleton":2,"minecraft:zombie":2},"minecraft:mined":{"minecraft:dark_oak_planks":1,"minecraft:tuff":5,"minecraft:white_bed":2,"minecraft:deepslate_diamond_ore":6,"minecraft:jungle_leaves":4,"minecraft:grass_block":66,"minecraft:oak_wall_sign":3,"minecraft:vine":4,"minecraft:bamboo":2,"minecraft:stone":11,"minecraft:oak_slab":1,"minecraft:dandelion":1,"minecraft:oak_planks":3,"minecraft:yellow_bed":5,"minecraft:grass":33,"minecraft:oak_log":12,"minecraft:cocoa":1,"minecraft:gravel":2,"minecraft:dirt":58,"minecraft:fern":7,"minecraft:oak_leaves":8,"minecraft:deepslate":19},"minecraft:broken":{"minecraft:wooden_pickaxe":1}},"DataVersion":3337}