{"stats":{"minecraft:custom":{"minecraft:mob_kills":63,"minecraft:inspect_hopper":4,"minecraft:interact_with_crafting_table":18,"minecraft:leave_game":14,"minecraft:time_since_death":5035,"minecraft:climb_one_cm":2300,"minecraft:sprint_one_cm":504830,"minecraft:walk_one_cm":579364,"minecraft:drop":64,"minecraft:talked_to_villager":238,"minecraft:play_time":226699,"minecraft:deaths":41,"minecraft:sneak_time":4514,"minecraft:walk_under_water_one_cm":25866,"minecraft:boat_one_cm":3558,"minecraft:jump":4008,"minecraft:walk_on_water_one_cm":47728,"minecraft:total_world_time":226699,"minecraft:interact_with_furnace":21,"minecraft:sleep_in_bed":5,"minecraft:time_since_rest":5087,"minecraft:damage_taken":15216,"minecraft:damage_dealt":15378,"minecraft:player_kills":1,"minecraft:swim_one_cm":68079,"minecraft:fly_one_cm":884243,"minecraft:open_chest":24,"minecraft:crouch_one_cm":8359,"minecraft:fish_caught":17,"minecraft:fall_one_cm":112633,"minecraft:inspect_dispenser":4},"minecraft:picked_up":{"minecraft:fishing_rod":4,"minecraft:cocoa_beans":3,"minecraft:iron_chestplate":15,"minecraft:crafting_table":11,"minecraft:wheat":4,"minecraft:prismarine_shard":129,"minecraft:lead":47,"minecraft:wooden_pickaxe":1,"minecraft:enchanted_book":15,"minecraft:string":19,"minecraft:oak_trapdoor":2,"minecraft:wooden_sword":1,"minecraft:iron_leggings":4,"minecraft:pufferfish":1,"minecraft:oak_sign":11,"minecraft:cobbled_deepslate":31,"minecraft:bucket":6,"minecraft:beef":7,"minecraft:red_dye":63,"minecraft:oak_boat":1,"minecraft:player_head":15,"minecraft:jungle_sapling":1,"minecraft:poppy":16,"minecraft:iron_pickaxe":14,"minecraft:chest":4,"minecraft:egg":2,"minecraft:iron_boots":4,"minecraft:furnace":4,"minecraft:stick":22,"minecraft:oak_fence":42,"minecraft:porkchop":12,"minecraft:dark_oak_planks":1,"minecraft:rotten_flesh":72,"minecraft:arrow":18,"minecraft:diamond_chestplate":1,"minecraft:tropical_fish":22,"minecraft:shears":10,"minecraft:mutton":6,"minecraft:cod":12,"minecraft:white_wool":4,"minecraft:cobblestone":153,"minecraft:cooked_beef":2,"minecraft:water_bucket":2,"minecraft:salmon":12,"minecraft:leather":10,"minecraft:tuff":5,"minecraft:oak_log":147,"minecraft:yellow_bed":5,"minecraft:gunpowder":8,"minecraft:dirt":337,"minecraft:cooked_mutton":18,"minecraft:bone":50,"minecraft:apple":2,"minecraft:bow":6,"minecraft:wheat_seeds":34,"minecraft:stone_pickaxe":16,"minecraft:iron_ingot":198,"minecraft:bamboo":17,"minecraft:oak_planks":79,"minecraft:honeycomb":39,"minecraft:iron_sword":14,"minecraft:oak_slab":17,"minecraft:cooked_porkchop":38,"minecraft:dandelion":7,"minecraft:gravel":1,"minecraft:white_bed":2,"minecraft:spider_eye":1,"minecraft:diamond":6,"minecraft:iron_helmet":4,"minecraft:diamond_axe":14,"minecraft:oak_sapling":11,"minecraft:hopper":3,"minecraft:coal":9},"minecraft:dropped":{"minecraft:iron_ingot":7,"minecraft:oak_slab":1,"minecraft:porkchop":2,"minecraft:wheat_seeds":8,"minecraft:cooked_beef":1,"minecraft:prismarine_shard":9,"minecraft:cobblestone":2,"minecraft:apple":1,"minecraft:tropical_fish":2,"minecraft:coal":9,"minecraft:stick":8,"minecraft:cod":4,"minecraft:dirt":22,"minecraft:string":3,"minecraft:bucket":4,"minecraft:bone":7,"minecraft:dandelion":3,"minecraft:zombie_spawn_egg":1,"minecraft:tuff":1,"minecraft:wheat":4,"minecraft:rotten_flesh":13,"minecraft:oak_planks":11,"minecraft:shears":1,"minecraft:salmon":6,"minecraft:poppy":4,"minecraft:diamond_chestplate":3,"minecraft:oak_boat":1,"minecraft:oak_sapling":3,"minecraft:arrow":6,"minecraft:bread":69},"minecraft:used":{"minecraft:oak_fence":25,"minecraft:oak_trapdoor":11,"minecraft:tropical_fish":2,"minecraft:dispenser":1,"minecraft:oak_sign":14,"minecraft:chest":4,"minecraft:iron_sword":161,"minecraft:zombie_spawn_egg":2,"minecraft:wooden_shovel":261,"minecraft:rotten_flesh":14,"minecraft:iron_chestplate":2,"minecraft:dirt":169,"minecraft:hopper":3,"minecraft:tuff":4,"minecraft:lava_bucket":3,"minecraft:iron_helmet":2,"minecraft:iron_boots":1,"minecraft:egg":2,"minecraft:cooked_beef":6,"minecraft:iron_leggings":2,"minecraft:cooked_mutton":6,"minecraft:water_bucket":11,"minecraft:stone_pickaxe":3,"minecraft:oak_planks":4,"minecraft:wooden_pickaxe":31,"minecraft:diamond_axe":60,"minecraft:oak_slab":16,"minecraft:crafting_table":2,"minecraft:white_bed":2,"minecraft:cod":2,"minecraft:shears":1,"minecraft:iron_pickaxe":50,"minecraft:fishing_rod":27,"minecraft:wooden_sword":53,"minecraft:cobblestone":4,"minecraft:cooked_porkchop":22,"minecraft:bucket":12,"minecraft:yellow_bed":5},"minecraft:crafted":{"minecraft:wooden_sword":1,"minecraft:oak_planks":228,"minecraft:oak_sign":6,"minecraft:cooked_mutton":6,"minecraft:oak_trapdoor":10,"minecraft:hopper":3,"minecraft:bow":1,"minecraft:iron_boots":1,"minecraft:stone_pickaxe":1,"minecraft:chest":7,"minecraft:oak_fence":24,"minecraft:cooked_beef":7,"minecraft:oak_slab":6,"minecraft:wooden_shovel":4,"minecraft:cooked_porkchop":10,"minecraft:diamond_axe":1,"minecraft:crafting_table":3,"minecraft:wooden_pickaxe":1,"minecraft:iron_helmet":1,"minecraft:iron_sword":1,"minecraft:bucket":2,"minecraft:air":0,"minecraft:dispenser":1,"minecraft:iron_chestplate":1,"minecraft:stick":38,"minecraft:iron_ingot":28,"minecraft:iron_pickaxe":1,"minecraft:iron_leggings":1,"minecraft:shears":1},"minecraft:killed":{"minecraft:spider":8,"minecraft:skeleton":7,"minecraft:pig":5,"minecraft:iron_golem":4,"minecraft:wandering_trader":1,"minecraft:sheep":4,"minecraft:trader_llama":2,"minecraft:zombie":26,"minecraft:cow":5},"minecraft:killed_by":{"minecraft:player":1,"minecraft:creeper":1,"minecraft:iron_golem":27,"minecraft:skeleton":2,"minecraft:zombie":9},"minecraft:mined":{"minecraft:dark_oak_planks":1,"minecraft:tuff":5,"minecraft:white_bed":2,"minecraft:deepslate_diamond_ore":6,"minecraft:jungle_leaves":4,"minecraft:grass_block":67,"minecraft:oak_wall_sign":3,"minecraft:oak_trapdoor":1,"minecraft:fire":2,"minecraft:dirt_path":20,"minecraft:oak_sign":1,"minecraft:vine":4,"minecraft:bamboo":2,"minecraft:stone":14,"minecraft:oak_slab":11,"minecraft:dandelion":1,"minecraft:oak_fence":4,"minecraft:tall_grass":2,"minecraft:cobblestone":1,"minecraft:oak_planks":3,"minecraft:yellow_bed":5,"minecraft:grass":63,"minecraft:oak_log":12,"minecraft:cocoa":1,"minecraft:gravel":2,"minecraft:dirt":105,"minecraft:oak_leaves":8,"minecraft:deepslate":19,"minecraft:fern":7},"minecraft:broken":{"minecraft:wooden_shovel":4,"minecraft:wooden_pickaxe":1,"minecraft:iron_helmet":1}},"DataVersion":3337}