{"stats":{"minecraft:custom":{"minecraft:interact_with_furnace":11,"minecraft:mob_kills":35,"minecraft:interact_with_crafting_table":6,"minecraft:leave_game":5,"minecraft:time_since_death":18974,"minecraft:climb_one_cm":2300,"minecraft:time_since_rest":19001,"minecraft:sprint_one_cm":191294,"minecraft:damage_taken":2303,"minecraft:walk_one_cm":124231,"minecraft:drop":8,"minecraft:damage_dealt":6826,"minecraft:talked_to_villager":1,"minecraft:swim_one_cm":46027,"minecraft:fly_one_cm":386991,"minecraft:open_chest":7,"minecraft:crouch_one_cm":951,"minecraft:play_time":78000,"minecraft:sneak_time":459,"minecraft:deaths":4,"minecraft:walk_under_water_one_cm":7864,"minecraft:jump":1683,"minecraft:walk_on_water_one_cm":4634,"minecraft:total_world_time":78000,"minecraft:fall_one_cm":59717},"minecraft:dropped":{"minecraft:porkchop":2,"minecraft:wheat_seeds":2,"minecraft:oak_sapling":1,"minecraft:arrow":4,"minecraft:string":3},"minecraft:picked_up":{"minecraft:cocoa_beans":3,"minecraft:leather":6,"minecraft:wooden_pickaxe":1,"minecraft:enchanted_book":2,"minecraft:tuff":5,"minecraft:oak_log":5,"minecraft:dirt":19,"minecraft:string":8,"minecraft:wooden_sword":1,"minecraft:bone":9,"minecraft:wheat_seeds":2,"minecraft:cobbled_deepslate":10,"minecraft:iron_ingot":6,"minecraft:beef":7,"minecraft:stone_pickaxe":1,"minecraft:jungle_sapling":1,"minecraft:iron_pickaxe":1,"minecraft:bamboo":12,"minecraft:oak_planks":13,"minecraft:egg":1,"minecraft:stick":3,"minecraft:cooked_porkchop":22,"minecraft:porkchop":7,"minecraft:arrow":12,"minecraft:rotten_flesh":7,"minecraft:diamond":3,"minecraft:oak_sapling":1,"minecraft:mutton":6,"minecraft:white_wool":4,"minecraft:cobblestone":3},"minecraft:used":{"minecraft:stone_pickaxe":2,"minecraft:oak_planks":3,"minecraft:wooden_pickaxe":31,"minecraft:iron_sword":59,"minecraft:iron_chestplate":1,"minecraft:dirt":3,"minecraft:crafting_table":1,"minecraft:iron_pickaxe":12,"minecraft:iron_helmet":1,"minecraft:wooden_sword":53,"minecraft:cooked_porkchop":15,"minecraft:egg":1,"minecraft:iron_leggings":1},"minecraft:crafted":{"minecraft:wooden_sword":1,"minecraft:oak_planks":20,"minecraft:crafting_table":2,"minecraft:wooden_pickaxe":1,"minecraft:iron_helmet":1,"minecraft:iron_sword":1,"minecraft:air":0,"minecraft:iron_boots":1,"minecraft:iron_chestplate":1,"minecraft:stick":8,"minecraft:iron_ingot":28,"minecraft:iron_pickaxe":1,"minecraft:stone_pickaxe":1,"minecraft:iron_leggings":1},"minecraft:killed":{"minecraft:pig":3,"minecraft:spider":6,"minecraft:iron_golem":1,"minecraft:sheep":4,"minecraft:skeleton":5,"minecraft:zombie":10,"minecraft:cow":5},"minecraft:killed_by":{"minecraft:skeleton":2,"minecraft:zombie":1},"minecraft:mined":{"minecraft:tuff":5,"minecraft:deepslate_diamond_ore":3,"minecraft:jungle_leaves":4,"minecraft:grass_block":3,"minecraft:oak_planks":3,"minecraft:grass":20,"minecraft:vine":4,"minecraft:oak_log":5,"minecraft:cocoa":1,"minecraft:bamboo":1,"minecraft:stone":3,"minecraft:deepslate":4,"minecraft:oak_leaves":5,"minecraft:fern":7},"minecraft:broken":{"minecraft:wooden_pickaxe":1}},"DataVersion":3337}