{"stats":{"minecraft:dropped":{"minecraft:iron_ingot":16,"minecraft:iron_sword":1,"minecraft:oak_slab":1,"minecraft:porkchop":2,"minecraft:wheat_seeds":8,"minecraft:diamond_axe":1,"minecraft:cooked_beef":1,"minecraft:oak_log":8,"minecraft:prismarine_shard":9,"minecraft:oak_fence":4,"minecraft:iron_helmet":1,"minecraft:cobblestone":25,"minecraft:leather":5,"minecraft:apple":1,"minecraft:tropical_fish":2,"minecraft:coal":9,"minecraft:stick":10,"minecraft:cod":4,"minecraft:dirt":22,"minecraft:red_dye":7,"minecraft:string":3,"minecraft:white_wool":3,"minecraft:bucket":4,"minecraft:bone":7,"minecraft:dandelion":3,"minecraft:furnace":2,"minecraft:zombie_spawn_egg":1,"minecraft:tuff":1,"minecraft:wheat":4,"minecraft:chicken":1,"minecraft:rotten_flesh":26,"minecraft:oak_planks":11,"minecraft:shears":2,"minecraft:salmon":6,"minecraft:poppy":6,"minecraft:gunpowder":4,"minecraft:diamond_chestplate":3,"minecraft:oak_boat":1,"minecraft:oak_sapling":3,"minecraft:arrow":6,"minecraft:stone_pickaxe":1,"minecraft:bread":69,"minecraft:enchanted_book":1},"minecraft:mined":{"minecraft:dark_oak_planks":1,"minecraft:tuff":5,"minecraft:white_bed":2,"minecraft:deepslate_diamond_ore":6,"minecraft:jungle_leaves":4,"minecraft:grass_block":67,"minecraft:kelp":14,"minecraft:oak_wall_sign":3,"minecraft:oak_trapdoor":1,"minecraft:fire":2,"minecraft:dirt_path":20,"minecraft:oak_sign":1,"minecraft:vine":4,"minecraft:bamboo":16,"minecraft:stone":14,"minecraft:oak_slab":11,"minecraft:kelp_plant":38,"minecraft:dandelion":1,"minecraft:oak_fence":4,"minecraft:crafting_table":1,"minecraft:tall_grass":2,"minecraft:cobblestone":1,"minecraft:oak_planks":3,"minecraft:yellow_bed":5,"minecraft:grass":66,"minecraft:oak_log":15,"minecraft:cocoa":1,"minecraft:gravel":2,"minecraft:dirt":105,"minecraft:oak_leaves":8,"minecraft:deepslate":19,"minecraft:fern":7},"minecraft:crafted":{"minecraft:wooden_sword":1,"minecraft:oak_planks":240,"minecraft:oak_sign":6,"minecraft:cooked_mutton":6,"minecraft:oak_trapdoor":10,"minecraft:hopper":3,"minecraft:bow":2,"minecraft:iron_boots":2,"minecraft:iron_axe":1,"minecraft:stone_pickaxe":1,"minecraft:chest":7,"minecraft:dried_kelp_block":2,"minecraft:oak_fence":24,"minecraft:cooked_beef":8,"minecraft:oak_slab":6,"minecraft:wooden_shovel":4,"minecraft:cooked_porkchop":11,"minecraft:diamond_axe":1,"minecraft:crafting_table":4,"minecraft:dried_kelp":35,"minecraft:wooden_pickaxe":1,"minecraft:iron_helmet":2,"minecraft:iron_sword":2,"minecraft:bucket":3,"minecraft:air":0,"minecraft:dispenser":1,"minecraft:iron_chestplate":2,"minecraft:stick":46,"minecraft:iron_ingot":28,"minecraft:iron_pickaxe":2,"minecraft:iron_shovel":1,"minecraft:iron_leggings":2,"minecraft:white_bed":1,"minecraft:shears":1},"minecraft:broken":{"minecraft:wooden_shovel":4,"minecraft:wooden_pickaxe":1,"minecraft:iron_helmet":1},"minecraft:picked_up":{"minecraft:fishing_rod":4,"minecraft:cocoa_beans":3,"minecraft:iron_chestplate":16,"minecraft:crafting_table":13,"minecraft:wheat":4,"minecraft:chicken":2,"minecraft:prismarine_shard":129,"minecraft:lead":47,"minecraft:wooden_pickaxe":1,"minecraft:enchanted_book":17,"minecraft:string":19,"minecraft:oak_trapdoor":2,"minecraft:iron_axe":1,"minecraft:wooden_sword":1,"minecraft:iron_leggings":5,"minecraft:iron_shovel":1,"minecraft:pufferfish":1,"minecraft:oak_sign":11,"minecraft:cobbled_deepslate":31,"minecraft:bucket":6,"minecraft:beef":8,"minecraft:red_dye":70,"minecraft:oak_boat":1,"minecraft:player_head":16,"minecraft:jungle_sapling":1,"minecraft:poppy":18,"minecraft:iron_pickaxe":15,"minecraft:chest":4,"minecraft:egg":3,"minecraft:iron_boots":5,"minecraft:furnace":6,"minecraft:stick":1752,"minecraft:oak_fence":46,"minecraft:porkchop":18,"minecraft:dark_oak_planks":1,"minecraft:rotten_flesh":85,"minecraft:arrow":18,"minecraft:diamond_chestplate":1,"minecraft:tropical_fish":22,"minecraft:shears":11,"minecraft:mutton":11,"minecraft:cod":12,"minecraft:white_wool":7,"minecraft:cobblestone":176,"minecraft:cooked_beef":2,"minecraft:water_bucket":2,"minecraft:salmon":12,"minecraft:leather":15,"minecraft:tuff":5,"minecraft:oak_log":157,"minecraft:yellow_bed":5,"minecraft:gunpowder":12,"minecraft:dirt":337,"minecraft:cooked_mutton":18,"minecraft:bone":50,"minecraft:apple":3,"minecraft:kelp":330,"minecraft:bow":6,"minecraft:wheat_seeds":34,"minecraft:stone_pickaxe":17,"minecraft:iron_ingot":198,"minecraft:bamboo":198,"minecraft:oak_planks":79,"minecraft:honeycomb":39,"minecraft:iron_sword":16,"minecraft:oak_slab":17,"minecraft:cooked_porkchop":38,"minecraft:dandelion":7,"minecraft:gravel":1,"minecraft:white_bed":2,"minecraft:spider_eye":1,"minecraft:diamond":6,"minecraft:iron_helmet":6,"minecraft:diamond_axe":15,"minecraft:oak_sapling":15,"minecraft:black_wool":1,"minecraft:hopper":3,"minecraft:coal":9},"minecraft:custom":{"minecraft:interact_with_anvil":3,"minecraft:mob_kills":81,"minecraft:inspect_hopper":4,"minecraft:interact_with_crafting_table":26,"minecraft:leave_game":15,"minecraft:time_since_death":22514,"minecraft:climb_one_cm":2300,"minecraft:sprint_one_cm":584648,"minecraft:walk_one_cm":652717,"minecraft:drop":95,"minecraft:talked_to_villager":239,"minecraft:play_time":271240,"minecraft:deaths":43,"minecraft:sneak_time":4683,"minecraft:walk_under_water_one_cm":36725,"minecraft:boat_one_cm":3558,"minecraft:jump":4651,"minecraft:walk_on_water_one_cm":53533,"minecraft:total_world_time":271240,"minecraft:interact_with_furnace":64,"minecraft:sleep_in_bed":5,"minecraft:time_since_rest":22534,"minecraft:damage_taken":15956,"minecraft:damage_dealt":17686,"minecraft:player_kills":2,"minecraft:swim_one_cm":83497,"minecraft:fly_one_cm":1053378,"minecraft:open_chest":71,"minecraft:crouch_one_cm":8440,"minecraft:fish_caught":17,"minecraft:fall_one_cm":138763,"minecraft:inspect_dispenser":4},"minecraft:killed_by":{"minecraft:player":1,"minecraft:creeper":1,"minecraft:iron_golem":27,"minecraft:skeleton":2,"minecraft:zombie":9},"minecraft:killed":{"minecraft:spider":8,"minecraft:horse":1,"minecraft:skeleton":7,"minecraft:chicken":2,"minecraft:pig":8,"minecraft:iron_golem":4,"minecraft:wandering_trader":1,"minecraft:creeper":2,"minecraft:sheep":8,"minecraft:trader_llama":2,"minecraft:zombie":31,"minecraft:cow":6},"minecraft:used":{"minecraft:oak_fence":25,"minecraft:oak_trapdoor":11,"minecraft:tropical_fish":2,"minecraft:dried_kelp":16,"minecraft:dispenser":1,"minecraft:oak_sign":14,"minecraft:chest":4,"minecraft:iron_sword":245,"minecraft:zombie_spawn_egg":2,"minecraft:wooden_shovel":261,"minecraft:rotten_flesh":14,"minecraft:iron_chestplate":4,"minecraft:dirt":169,"minecraft:hopper":3,"minecraft:tuff":4,"minecraft:lava_bucket":3,"minecraft:iron_axe":2,"minecraft:iron_helmet":4,"minecraft:iron_boots":2,"minecraft:bow":5,"minecraft:oak_sapling":4,"minecraft:egg":3,"minecraft:cooked_beef":6,"minecraft:iron_leggings":3,"minecraft:cooked_mutton":6,"minecraft:water_bucket":11,"minecraft:stone_pickaxe":3,"minecraft:oak_planks":4,"minecraft:wooden_pickaxe":31,"minecraft:diamond_axe":60,"minecraft:oak_slab":16,"minecraft:crafting_table":3,"minecraft:white_bed":2,"minecraft:cod":2,"minecraft:shears":1,"minecraft:apple":1,"minecraft:chicken":1,"minecraft:iron_pickaxe":50,"minecraft:fishing_rod":27,"minecraft:wooden_sword":53,"minecraft:cobblestone":4,"minecraft:cooked_porkchop":23,"minecraft:bucket":13,"minecraft:yellow_bed":5}},"DataVersion":3337}