{"stats":{"minecraft:dropped":{"minecraft:wheat_seeds":3},"minecraft:mined":{"minecraft:grass":58,"minecraft:grass_block":1,"minecraft:bamboo":41,"minecraft:fern":22},"minecraft:picked_up":{"minecraft:feather":12,"minecraft:chicken":1,"minecraft:rotten_flesh":4,"minecraft:wheat_seeds":6,"minecraft:enchanted_book":5,"minecraft:bamboo":784,"minecraft:dirt":1},"minecraft:custom":{"minecraft:time_since_rest":50,"minecraft:walk_one_cm":21137,"minecraft:play_time":9550,"minecraft:sprint_one_cm":12791,"minecraft:damage_taken":1850,"minecraft:deaths":6,"minecraft:mob_kills":3,"minecraft:drop":1,"minecraft:jump":240,"minecraft:damage_dealt":755,"minecraft:leave_game":1,"minecraft:time_since_death":19,"minecraft:total_world_time":9550,"minecraft:climb_one_cm":152,"minecraft:fly_one_cm":30119,"minecraft:fall_one_cm":9363},"minecraft:killed_by":{"minecraft:skeleton":2,"minecraft:creeper":1,"minecraft:spider":1,"minecraft:zombie":2},"minecraft:killed":{"minecraft:zombie":2,"minecraft:chicken":1},"minecraft:used":{"minecraft:bamboo":15,"minecraft:dirt":1,"minecraft:chicken":1}},"DataVersion":3337}