{"stats":{"minecraft:killed":{"minecraft:pig":16,"minecraft:witch":1,"minecraft:salmon":1,"minecraft:sheep":11,"minecraft:zombie":4,"minecraft:chicken":3,"minecraft:cow":8},"minecraft:dropped":{"minecraft:stone_axe":1,"minecraft:dripstone_block":64,"minecraft:end_stone":14,"minecraft:arrow":192,"minecraft:iron_shovel":1},"minecraft:used":{"minecraft:water_bucket":11,"minecraft:rose_bush":1,"minecraft:iron_shovel":195,"minecraft:ender_pearl":1,"minecraft:chest":1,"minecraft:iron_sword":17,"minecraft:dirt":12,"minecraft:mutton":7,"minecraft:crafting_table":16,"minecraft:dripstone_block":27,"minecraft:white_bed":1,"minecraft:end_stone":12,"minecraft:shears":8939,"minecraft:redstone_torch":13,"minecraft:oak_log":295,"minecraft:ender_eye":10,"minecraft:apple":6,"minecraft:iron_axe":625,"minecraft:bread":19,"minecraft:iron_pickaxe":137,"minecraft:stone_axe":256,"minecraft:bow":51,"minecraft:beef":8,"minecraft:sweet_berries":30,"minecraft:purple_bed":11,"minecraft:porkchop":21,"minecraft:bucket":11},"minecraft:custom":{"minecraft:interact_with_furnace":4,"minecraft:interact_with_anvil":3,"minecraft:mob_kills":45,"minecraft:interact_with_crafting_table":42,"minecraft:open_shulker_box":3,"minecraft:leave_game":11,"minecraft:time_since_death":143379,"minecraft:sleep_in_bed":8,"minecraft:time_since_rest":2939,"minecraft:sprint_one_cm":760077,"minecraft:damage_taken":3447,"minecraft:walk_one_cm":494405,"minecraft:drop":7,"minecraft:damage_dealt":4586,"minecraft:swim_one_cm":53175,"minecraft:fly_one_cm":1139911,"minecraft:open_chest":36,"minecraft:crouch_one_cm":8075,"minecraft:play_time":227532,"minecraft:deaths":8,"minecraft:sneak_time":2539,"minecraft:walk_under_water_one_cm":6255,"minecraft:boat_one_cm":3685,"minecraft:jump":2545,"minecraft:interact_with_blast_furnace":1,"minecraft:walk_on_water_one_cm":43797,"minecraft:total_world_time":227532,"minecraft:fall_one_cm":60983},"minecraft:killed_by":{"minecraft:player":2,"minecraft:skeleton":1,"minecraft:creeper":1,"minecraft:zombie":2},"minecraft:mined":{"minecraft:deepslate_redstone_ore":9,"minecraft:stripped_birch_log":1,"minecraft:end_stone":17,"minecraft:crafting_table":14,"minecraft:grass_block":140,"minecraft:rose_bush":9,"minecraft:tall_grass":2,"minecraft:cobblestone":1,"minecraft:spruce_leaves":33,"minecraft:deepslate_gold_ore":2,"minecraft:sugar_cane":3,"minecraft:large_fern":4,"minecraft:purple_bed":13,"minecraft:birch_log":4,"minecraft:iron_ore":1,"minecraft:sweet_berry_bush":15,"minecraft:lilac":1,"minecraft:spruce_log":130,"minecraft:birch_leaves":1554,"minecraft:pumpkin":5,"minecraft:grass":48,"minecraft:oak_log":408,"minecraft:deepslate_iron_ore":9,"minecraft:dirt":52,"minecraft:stripped_oak_log":4,"minecraft:stone":16,"minecraft:oak_leaves":7473,"minecraft:deepslate":3,"minecraft:fern":6},"minecraft:picked_up":{"minecraft:stripped_oak_log":4,"minecraft:birch_log":105,"minecraft:iron_chestplate":1,"minecraft:crafting_table":13,"minecraft:birch_leaves":1482,"minecraft:feather":2,"minecraft:lilac":1,"minecraft:chicken":2,"minecraft:water_bucket":4,"minecraft:leather":7,"minecraft:enchanted_book":7,"minecraft:oak_log":1735,"minecraft:stripped_birch_log":1,"minecraft:dirt":249,"minecraft:iron_axe":6,"minecraft:iron_leggings":7,"minecraft:iron_shovel":8,"minecraft:bone":2,"minecraft:apple":8,"minecraft:kelp":1,"minecraft:bow":1,"minecraft:wheat_seeds":16,"minecraft:cobbled_deepslate":6,"minecraft:raw_gold":6,"minecraft:iron_ingot":9,"minecraft:beef":13,"minecraft:oak_boat":3,"minecraft:rose_bush":9,"minecraft:redstone_torch":1,"minecraft:light_gray_wool":5,"minecraft:iron_pickaxe":6,"minecraft:glass_bottle":1,"minecraft:sugar_cane":8,"minecraft:birch_sapling":17,"minecraft:iron_sword":1,"minecraft:iron_boots":1,"minecraft:stick":308,"minecraft:raw_iron":57,"minecraft:end_stone":26,"minecraft:sweet_berries":30,"minecraft:torch":5,"minecraft:porkchop":28,"minecraft:spruce_sapling":2,"minecraft:spruce_log":131,"minecraft:redstone":128,"minecraft:arrow":12,"minecraft:purple_bed":13,"minecraft:rotten_flesh":10,"minecraft:iron_helmet":2,"minecraft:grass":15,"minecraft:bread":1,"minecraft:oak_sapling":270,"minecraft:mutton":22,"minecraft:oak_leaves":7290,"minecraft:white_wool":10,"minecraft:cobblestone":29,"minecraft:ender_pearl":1},"minecraft:broken":{"minecraft:stone_axe":2,"minecraft:iron_axe":5,"minecraft:shears":37},"minecraft:crafted":{"minecraft:oak_planks":56,"minecraft:crafting_table":4,"minecraft:spruce_planks":12,"minecraft:iron_helmet":1,"minecraft:iron_sword":1,"minecraft:stripped_oak_wood":3,"minecraft:birch_planks":4,"minecraft:stone_axe":3,"minecraft:diamond_helmet":1,"minecraft:diamond_leggings":1,"minecraft:iron_axe":6,"minecraft:stick":4,"minecraft:iron_pickaxe":2,"minecraft:chest":1,"minecraft:iron_shovel":1,"minecraft:diamond_boots":1,"minecraft:iron_leggings":1,"minecraft:white_bed":1,"minecraft:redstone_torch":20,"minecraft:shears":38,"minecraft:diamond_chestplate":1}},"DataVersion":3337}