{"stats":{"minecraft:mined":{"minecraft:deepslate_redstone_ore":9,"minecraft:birch_log":1,"minecraft:birch_leaves":1,"minecraft:crafting_table":2,"minecraft:deepslate_iron_ore":9,"minecraft:grass":17,"minecraft:grass_block":134,"minecraft:oak_log":237,"minecraft:dirt":50,"minecraft:tall_grass":2,"minecraft:deepslate_gold_ore":2,"minecraft:stone":10,"minecraft:oak_leaves":61,"minecraft:deepslate":3},"minecraft:crafted":{"minecraft:oak_planks":52,"minecraft:iron_axe":4,"minecraft:crafting_table":1,"minecraft:stick":4,"minecraft:iron_helmet":1,"minecraft:iron_pickaxe":2,"minecraft:iron_sword":1,"minecraft:iron_shovel":1,"minecraft:iron_leggings":1,"minecraft:white_bed":1},"minecraft:broken":{"minecraft:iron_axe":3},"minecraft:picked_up":{"minecraft:birch_log":82,"minecraft:crafting_table":2,"minecraft:stick":247,"minecraft:raw_iron":46,"minecraft:water_bucket":3,"minecraft:enchanted_book":6,"minecraft:porkchop":7,"minecraft:oak_log":1456,"minecraft:redstone":96,"minecraft:dirt":238,"minecraft:iron_axe":5,"minecraft:iron_leggings":5,"minecraft:iron_shovel":6,"minecraft:arrow":10,"minecraft:rotten_flesh":9,"minecraft:apple":8,"minecraft:wheat_seeds":11,"minecraft:cobbled_deepslate":5,"minecraft:raw_gold":6,"minecraft:iron_helmet":1,"minecraft:iron_ingot":7,"minecraft:oak_boat":3,"minecraft:iron_pickaxe":5,"minecraft:light_gray_wool":4,"minecraft:oak_sapling":218,"minecraft:mutton":12,"minecraft:birch_sapling":12,"minecraft:iron_sword":1,"minecraft:white_wool":3,"minecraft:cobblestone":21},"minecraft:custom":{"minecraft:time_since_rest":453,"minecraft:sprint_one_cm":248874,"minecraft:damage_taken":2037,"minecraft:walk_one_cm":166879,"minecraft:mob_kills":11,"minecraft:damage_dealt":1369,"minecraft:swim_one_cm":44886,"minecraft:interact_with_crafting_table":12,"minecraft:fly_one_cm":117538,"minecraft:open_chest":5,"minecraft:crouch_one_cm":3071,"minecraft:play_time":70262,"minecraft:deaths":7,"minecraft:sneak_time":1446,"minecraft:walk_under_water_one_cm":3218,"minecraft:boat_one_cm":3685,"minecraft:jump":927,"minecraft:leave_game":3,"minecraft:walk_on_water_one_cm":26933,"minecraft:time_since_death":424,"minecraft:total_world_time":70262,"minecraft:fall_one_cm":21665},"minecraft:killed_by":{"minecraft:player":1,"minecraft:skeleton":1,"minecraft:creeper":1,"minecraft:zombie":2},"minecraft:killed":{"minecraft:sheep":4,"minecraft:zombie":2,"minecraft:pig":4},"minecraft:used":{"minecraft:oak_log":288,"minecraft:water_bucket":11,"minecraft:apple":6,"minecraft:iron_shovel":186,"minecraft:iron_axe":328,"minecraft:iron_pickaxe":39,"minecraft:iron_sword":17,"minecraft:dirt":5,"minecraft:crafting_table":3,"minecraft:porkchop":7,"minecraft:bucket":11,"minecraft:white_bed":1}},"DataVersion":3337}