{"stats":{"minecraft:mined":{"minecraft:dirt":1,"minecraft:stone":10},"minecraft:crafted":{"minecraft:iron_sword":1,"minecraft:iron_shovel":1,"minecraft:iron_leggings":1,"minecraft:iron_axe":1,"minecraft:iron_pickaxe":1,"minecraft:iron_helmet":1},"minecraft:picked_up":{"minecraft:iron_axe":1,"minecraft:iron_leggings":1,"minecraft:stick":57,"minecraft:iron_shovel":1,"minecraft:rotten_flesh":7,"minecraft:wheat_seeds":1,"minecraft:iron_helmet":1,"minecraft:iron_ingot":1,"minecraft:enchanted_book":1,"minecraft:oak_boat":1,"minecraft:iron_pickaxe":1,"minecraft:dirt":17,"minecraft:iron_sword":1,"minecraft:cobblestone":10},"minecraft:custom":{"minecraft:time_since_rest":2618,"minecraft:open_chest":5,"minecraft:play_time":12000,"minecraft:sprint_one_cm":58192,"minecraft:deaths":2,"minecraft:damage_taken":604,"minecraft:walk_one_cm":16797,"minecraft:sneak_time":17,"minecraft:walk_under_water_one_cm":55,"minecraft:mob_kills":2,"minecraft:boat_one_cm":3685,"minecraft:jump":149,"minecraft:damage_dealt":495,"minecraft:time_since_death":2592,"minecraft:walk_on_water_one_cm":5897,"minecraft:total_world_time":12000,"minecraft:swim_one_cm":2819,"minecraft:interact_with_crafting_table":1,"minecraft:fall_one_cm":2864,"minecraft:fly_one_cm":17362},"minecraft:killed_by":{"minecraft:player":1},"minecraft:killed":{"minecraft:zombie":2},"minecraft:used":{"minecraft:iron_axe":1,"minecraft:iron_pickaxe":10,"minecraft:iron_sword":17}},"DataVersion":3337}