{"stats":{"minecraft:broken":{"minecraft:shears":92,"minecraft:iron_axe":5,"minecraft:stone_axe":2,"minecraft:iron_sword":1,"minecraft:iron_pickaxe":1},"minecraft:picked_up":{"minecraft:iron_chestplate":1,"minecraft:crafting_table":31,"minecraft:chicken":3,"minecraft:clay_ball":30,"minecraft:oak_stairs":2,"minecraft:enchanted_book":8,"minecraft:string":1,"minecraft:raw_copper":24,"minecraft:iron_axe":8,"minecraft:flint_and_steel":1,"minecraft:iron_leggings":7,"minecraft:iron_shovel":9,"minecraft:shroomlight":15,"minecraft:diamond_leggings":1,"minecraft:gold_nugget":132,"minecraft:cobbled_deepslate":6,"minecraft:beef":15,"minecraft:iron_nugget":6,"minecraft:redstone_torch":1,"minecraft:oak_boat":3,"minecraft:rose_bush":9,"minecraft:player_head":1,"minecraft:jungle_sapling":26,"minecraft:iron_pickaxe":8,"minecraft:light_gray_wool":5,"minecraft:sugar_cane":8,"minecraft:birch_sapling":45,"minecraft:egg":3,"minecraft:iron_boots":1,"minecraft:stick":613,"minecraft:raw_iron":68,"minecraft:end_stone":26,"minecraft:torch":5,"minecraft:porkchop":38,"minecraft:redstone":128,"minecraft:rotten_flesh":18,"minecraft:diamond_chestplate":1,"minecraft:arrow":133,"minecraft:nether_bricks":4,"minecraft:shears":6,"minecraft:diamond_boots":1,"minecraft:mutton":23,"minecraft:white_wool":11,"minecraft:cobblestone":29,"minecraft:stripped_oak_log":4,"minecraft:birch_log":130,"minecraft:birch_leaves":2595,"minecraft:feather":3,"minecraft:lilac":1,"minecraft:water_bucket":5,"minecraft:jungle_log":48,"minecraft:leather":7,"minecraft:jungle_fence":2,"minecraft:filled_map":1,"minecraft:flint":62,"minecraft:oak_log":2079,"minecraft:gunpowder":62,"minecraft:stripped_birch_log":1,"minecraft:dirt":261,"minecraft:bone":7,"minecraft:kelp":1,"minecraft:apple":51,"minecraft:bow":2,"minecraft:wheat_seeds":16,"minecraft:raw_gold":6,"minecraft:warped_stem":12,"minecraft:iron_ingot":76,"minecraft:diamond_helmet":1,"minecraft:glass_bottle":1,"minecraft:iron_sword":2,"minecraft:pumpkin":11,"minecraft:sweet_berries":30,"minecraft:quartz":32,"minecraft:warped_wart_block":235,"minecraft:spruce_sapling":2,"minecraft:spruce_log":131,"minecraft:spider_eye":1,"minecraft:purple_bed":26,"minecraft:iron_helmet":2,"minecraft:diamond_axe":1,"minecraft:grass":30,"minecraft:warped_roots":1,"minecraft:bread":21,"minecraft:oak_sapling":515,"minecraft:netherrack":96,"minecraft:oak_leaves":17952,"minecraft:ender_pearl":112},"minecraft:dropped":{"minecraft:enchanted_book":1,"minecraft:bread":1,"minecraft:lilac":1,"minecraft:ender_pearl":25,"minecraft:dripstone_block":64,"minecraft:warped_roots":1,"minecraft:apple":20,"minecraft:stick":104,"minecraft:dirt":9,"minecraft:grass":30,"minecraft:torch":4,"minecraft:rose_bush":8,"minecraft:pumpkin":11,"minecraft:gold_nugget":66,"minecraft:iron_axe":4,"minecraft:iron_pickaxe":1,"minecraft:stripped_oak_wood":3,"minecraft:iron_shovel":3,"minecraft:string":1,"minecraft:white_wool":33,"minecraft:bone":2,"minecraft:stone_axe":1,"minecraft:raw_copper":24,"minecraft:raw_iron":11,"minecraft:rotten_flesh":2,"minecraft:iron_boots":1,"minecraft:end_stone":14,"minecraft:name_tag":1,"minecraft:shears":2,"minecraft:flint_and_steel":1,"minecraft:purple_bed":1,"minecraft:oak_sapling":8,"minecraft:spider_eye":1,"minecraft:arrow":192,"minecraft:warped_wart_block":235,"minecraft:oak_leaves":599,"minecraft:netherrack":17,"minecraft:egg":2},"minecraft:used":{"minecraft:nether_brick_fence":3,"minecraft:trident":301,"minecraft:rose_bush":1,"minecraft:iron_bars":2,"minecraft:iron_shovel":195,"minecraft:flint_and_steel":3,"minecraft:dispenser":1,"minecraft:chest":1,"minecraft:iron_sword":505,"minecraft:player_head":1,"minecraft:netherrack":12,"minecraft:dirt":12,"minecraft:mutton":7,"minecraft:nether_bricks":2,"minecraft:jungle_trapdoor":1,"minecraft:iron_axe":690,"minecraft:bow":63,"minecraft:beef":8,"minecraft:sweet_berries":30,"minecraft:water_bucket":12,"minecraft:ender_pearl":13,"minecraft:diamond_axe":124,"minecraft:crafting_table":34,"minecraft:red_bed":1,"minecraft:white_bed":1,"minecraft:dripstone_block":27,"minecraft:end_stone":12,"minecraft:shears":22056,"minecraft:redstone_torch":13,"minecraft:oak_log":295,"minecraft:ender_eye":10,"minecraft:apple":8,"minecraft:bread":64,"minecraft:map":1,"minecraft:iron_pickaxe":289,"minecraft:stone_axe":256,"minecraft:purple_bed":23,"minecraft:porkchop":21,"minecraft:bucket":12},"minecraft:custom":{"minecraft:interact_with_smithing_table":1,"minecraft:mob_kills":1623,"minecraft:interact_with_anvil":16,"minecraft:interact_with_crafting_table":79,"minecraft:open_shulker_box":3,"minecraft:leave_game":41,"minecraft:time_since_death":44292,"minecraft:climb_one_cm":178,"minecraft:sprint_one_cm":1277120,"minecraft:walk_one_cm":872719,"minecraft:drop":63,"minecraft:play_time":404039,"minecraft:deaths":10,"minecraft:sneak_time":3254,"minecraft:walk_under_water_one_cm":9298,"minecraft:boat_one_cm":3685,"minecraft:jump":4613,"minecraft:interact_with_blast_furnace":1,"minecraft:walk_on_water_one_cm":46355,"minecraft:total_world_time":404039,"minecraft:interact_with_furnace":7,"minecraft:sleep_in_bed":20,"minecraft:time_since_rest":3263,"minecraft:damage_taken":6051,"minecraft:damage_dealt":14800,"minecraft:swim_one_cm":56978,"minecraft:fly_one_cm":1478567,"minecraft:open_chest":58,"minecraft:crouch_one_cm":8979,"minecraft:fall_one_cm":124057,"minecraft:inspect_dispenser":15},"minecraft:crafted":{"minecraft:oak_planks":60,"minecraft:jungle_trapdoor":2,"minecraft:nether_brick":2,"minecraft:iron_bars":16,"minecraft:flint_and_steel":1,"minecraft:diamond_helmet":1,"minecraft:diamond_leggings":1,"minecraft:iron_axe":7,"minecraft:chest":1,"minecraft:diamond_boots":1,"minecraft:diamond_axe":2,"minecraft:crafting_table":5,"minecraft:spruce_planks":12,"minecraft:iron_helmet":1,"minecraft:iron_sword":4,"minecraft:stripped_oak_wood":3,"minecraft:nether_brick_fence":6,"minecraft:birch_planks":4,"minecraft:stone_axe":3,"minecraft:jungle_planks":40,"minecraft:stick":4,"minecraft:iron_pickaxe":3,"minecraft:iron_shovel":1,"minecraft:iron_leggings":1,"minecraft:white_bed":1,"minecraft:redstone_torch":20,"minecraft:shears":95,"minecraft:diamond_chestplate":1},"minecraft:killed_by":{"minecraft:player":3,"minecraft:creeper":1,"minecraft:skeleton":1,"minecraft:zombie":2},"minecraft:killed":{"minecraft:witch":1,"minecraft:spider":2,"minecraft:skeleton":2,"minecraft:chicken":4,"minecraft:turtle":1,"minecraft:wolf":2,"minecraft:pig":20,"minecraft:salmon":1,"minecraft:creeper":1,"minecraft:sheep":12,"minecraft:zombie":7,"minecraft:enderman":1560,"minecraft:cow":9},"minecraft:mined":{"minecraft:nether_gold_ore":15,"minecraft:stripped_birch_log":1,"minecraft:end_stone":17,"minecraft:grass_block":145,"minecraft:jungle_log":1,"minecraft:spruce_leaves":34,"minecraft:large_fern":4,"minecraft:iron_ore":1,"minecraft:fire":2,"minecraft:pumpkin":16,"minecraft:deepslate_iron_ore":9,"minecraft:vine":2,"minecraft:oak_stairs":1,"minecraft:stripped_oak_log":6,"minecraft:stripped_jungle_log":2,"minecraft:stone":16,"minecraft:deepslate_redstone_ore":9,"minecraft:dandelion":1,"minecraft:crafting_table":32,"minecraft:warped_roots":1,"minecraft:rose_bush":9,"minecraft:cobblestone":1,"minecraft:copper_ore":6,"minecraft:nether_quartz_ore":35,"minecraft:tall_grass":2,"minecraft:deepslate_gold_ore":2,"minecraft:sugar_cane":3,"minecraft:purple_bed":25,"minecraft:warped_nylium":3,"minecraft:birch_log":4,"minecraft:sweet_berry_bush":15,"minecraft:lilac":1,"minecraft:white_carpet":2,"minecraft:spruce_log":130,"minecraft:birch_leaves":2978,"minecraft:grass":75,"minecraft:oak_log":456,"minecraft:dirt":56,"minecraft:netherrack":92,"minecraft:oak_leaves":19167,"minecraft:fern":6,"minecraft:deepslate":3}},"DataVersion":3337}