{"stats":{"minecraft:dropped":{"minecraft:stone_axe":1,"minecraft:arrow":192,"minecraft:iron_shovel":1},"minecraft:mined":{"minecraft:deepslate_redstone_ore":9,"minecraft:stripped_birch_log":1,"minecraft:end_stone":6,"minecraft:crafting_table":9,"minecraft:grass_block":140,"minecraft:rose_bush":8,"minecraft:tall_grass":2,"minecraft:cobblestone":1,"minecraft:spruce_leaves":33,"minecraft:deepslate_gold_ore":2,"minecraft:sugar_cane":3,"minecraft:large_fern":4,"minecraft:purple_bed":9,"minecraft:birch_log":4,"minecraft:iron_ore":1,"minecraft:sweet_berry_bush":15,"minecraft:spruce_log":130,"minecraft:birch_leaves":1394,"minecraft:pumpkin":5,"minecraft:grass":32,"minecraft:oak_log":407,"minecraft:deepslate_iron_ore":9,"minecraft:dirt":52,"minecraft:stripped_oak_log":3,"minecraft:stone":16,"minecraft:oak_leaves":4164,"minecraft:deepslate":3,"minecraft:fern":6},"minecraft:crafted":{"minecraft:oak_planks":52,"minecraft:crafting_table":2,"minecraft:spruce_planks":12,"minecraft:iron_helmet":1,"minecraft:iron_sword":1,"minecraft:stone_axe":3,"minecraft:diamond_helmet":1,"minecraft:diamond_leggings":1,"minecraft:iron_axe":5,"minecraft:stick":4,"minecraft:iron_pickaxe":2,"minecraft:diamond_boots":1,"minecraft:chest":1,"minecraft:iron_shovel":1,"minecraft:iron_leggings":1,"minecraft:white_bed":1,"minecraft:redstone_torch":20,"minecraft:shears":24,"minecraft:diamond_chestplate":1},"minecraft:broken":{"minecraft:stone_axe":1,"minecraft:iron_axe":5,"minecraft:shears":23},"minecraft:picked_up":{"minecraft:stripped_oak_log":3,"minecraft:birch_log":105,"minecraft:birch_leaves":1349,"minecraft:iron_chestplate":1,"minecraft:crafting_table":9,"minecraft:feather":1,"minecraft:chicken":1,"minecraft:water_bucket":4,"minecraft:leather":7,"minecraft:enchanted_book":7,"minecraft:oak_log":1717,"minecraft:stripped_birch_log":1,"minecraft:dirt":249,"minecraft:iron_axe":6,"minecraft:iron_leggings":7,"minecraft:iron_shovel":8,"minecraft:bone":2,"minecraft:apple":8,"minecraft:kelp":1,"minecraft:bow":1,"minecraft:wheat_seeds":16,"minecraft:cobbled_deepslate":6,"minecraft:raw_gold":6,"minecraft:rose_bush":8,"minecraft:beef":13,"minecraft:iron_ingot":9,"minecraft:oak_boat":3,"minecraft:redstone_torch":1,"minecraft:light_gray_wool":5,"minecraft:iron_pickaxe":6,"minecraft:glass_bottle":1,"minecraft:sugar_cane":8,"minecraft:birch_sapling":17,"minecraft:iron_sword":1,"minecraft:iron_boots":1,"minecraft:stick":302,"minecraft:raw_iron":57,"minecraft:end_stone":14,"minecraft:sweet_berries":30,"minecraft:torch":1,"minecraft:porkchop":27,"minecraft:spruce_sapling":2,"minecraft:spruce_log":131,"minecraft:redstone":128,"minecraft:purple_bed":9,"minecraft:arrow":12,"minecraft:rotten_flesh":9,"minecraft:iron_helmet":2,"minecraft:grass":7,"minecraft:bread":1,"minecraft:oak_sapling":269,"minecraft:oak_leaves":4057,"minecraft:mutton":19,"minecraft:white_wool":8,"minecraft:cobblestone":29},"minecraft:custom":{"minecraft:interact_with_furnace":4,"minecraft:interact_with_anvil":3,"minecraft:mob_kills":39,"minecraft:interact_with_crafting_table":35,"minecraft:leave_game":10,"minecraft:time_since_death":104171,"minecraft:sleep_in_bed":5,"minecraft:time_since_rest":12476,"minecraft:sprint_one_cm":588540,"minecraft:damage_taken":3289,"minecraft:walk_one_cm":408986,"minecraft:drop":5,"minecraft:damage_dealt":4287,"minecraft:swim_one_cm":49154,"minecraft:fly_one_cm":646249,"minecraft:open_chest":24,"minecraft:crouch_one_cm":3071,"minecraft:play_time":188170,"minecraft:deaths":8,"minecraft:sneak_time":1459,"minecraft:walk_under_water_one_cm":4947,"minecraft:boat_one_cm":3685,"minecraft:jump":2165,"minecraft:interact_with_blast_furnace":1,"minecraft:walk_on_water_one_cm":35803,"minecraft:total_world_time":188170,"minecraft:fall_one_cm":54221},"minecraft:killed_by":{"minecraft:player":2,"minecraft:skeleton":1,"minecraft:creeper":1,"minecraft:zombie":2},"minecraft:killed":{"minecraft:pig":15,"minecraft:witch":1,"minecraft:sheep":9,"minecraft:zombie":3,"minecraft:chicken":2,"minecraft:cow":8},"minecraft:used":{"minecraft:water_bucket":11,"minecraft:iron_shovel":195,"minecraft:chest":1,"minecraft:iron_sword":17,"minecraft:dirt":12,"minecraft:mutton":7,"minecraft:crafting_table":11,"minecraft:white_bed":1,"minecraft:end_stone":11,"minecraft:shears":5466,"minecraft:redstone_torch":13,"minecraft:oak_log":295,"minecraft:ender_eye":10,"minecraft:apple":6,"minecraft:iron_axe":602,"minecraft:bread":8,"minecraft:iron_pickaxe":61,"minecraft:stone_axe":243,"minecraft:bow":39,"minecraft:beef":8,"minecraft:sweet_berries":30,"minecraft:purple_bed":7,"minecraft:porkchop":21,"minecraft:bucket":11}},"DataVersion":3337}