{"stats":{"minecraft:mined":{"minecraft:birch_leaves":1,"minecraft:grass":8,"minecraft:grass_block":125,"minecraft:oak_log":212,"minecraft:dirt":46,"minecraft:tall_grass":2,"minecraft:stone":10,"minecraft:oak_leaves":35},"minecraft:crafted":{"minecraft:oak_planks":52,"minecraft:iron_axe":1,"minecraft:crafting_table":1,"minecraft:iron_pickaxe":1,"minecraft:iron_helmet":1,"minecraft:iron_sword":1,"minecraft:iron_shovel":1,"minecraft:iron_leggings":1},"minecraft:broken":{"minecraft:iron_axe":1},"minecraft:picked_up":{"minecraft:birch_log":5,"minecraft:stick":66,"minecraft:raw_iron":4,"minecraft:enchanted_book":3,"minecraft:oak_log":685,"minecraft:dirt":210,"minecraft:iron_axe":2,"minecraft:iron_leggings":3,"minecraft:iron_shovel":3,"minecraft:arrow":4,"minecraft:rotten_flesh":9,"minecraft:wheat_seeds":6,"minecraft:iron_helmet":1,"minecraft:iron_ingot":1,"minecraft:oak_boat":3,"minecraft:iron_pickaxe":2,"minecraft:oak_sapling":3,"minecraft:iron_sword":1,"minecraft:cobblestone":21},"minecraft:custom":{"minecraft:time_since_rest":8932,"minecraft:sprint_one_cm":111512,"minecraft:damage_taken":1069,"minecraft:walk_one_cm":78835,"minecraft:mob_kills":2,"minecraft:damage_dealt":576,"minecraft:swim_one_cm":43187,"minecraft:interact_with_crafting_table":2,"minecraft:fly_one_cm":64208,"minecraft:open_chest":5,"minecraft:crouch_one_cm":337,"minecraft:play_time":34533,"minecraft:deaths":4,"minecraft:sneak_time":201,"minecraft:walk_under_water_one_cm":2352,"minecraft:boat_one_cm":3685,"minecraft:jump":458,"minecraft:leave_game":1,"minecraft:walk_on_water_one_cm":9648,"minecraft:time_since_death":8908,"minecraft:total_world_time":34533,"minecraft:fall_one_cm":10968},"minecraft:killed_by":{"minecraft:player":1,"minecraft:skeleton":1},"minecraft:killed":{"minecraft:zombie":2},"minecraft:used":{"minecraft:oak_log":10,"minecraft:iron_shovel":186,"minecraft:iron_axe":255,"minecraft:iron_pickaxe":10,"minecraft:iron_sword":17,"minecraft:crafting_table":1}},"DataVersion":3337}