{"stats":{"minecraft:dropped":{"minecraft:iron_shovel":1},"minecraft:mined":{"minecraft:deepslate_redstone_ore":9,"minecraft:crafting_table":4,"minecraft:grass_block":136,"minecraft:tall_grass":2,"minecraft:cobblestone":1,"minecraft:spruce_leaves":29,"minecraft:deepslate_gold_ore":2,"minecraft:sugar_cane":3,"minecraft:large_fern":4,"minecraft:purple_bed":4,"minecraft:birch_log":1,"minecraft:sweet_berry_bush":9,"minecraft:spruce_log":116,"minecraft:birch_leaves":1,"minecraft:pumpkin":5,"minecraft:grass":21,"minecraft:oak_log":338,"minecraft:deepslate_iron_ore":9,"minecraft:dirt":51,"minecraft:stone":16,"minecraft:oak_leaves":71,"minecraft:deepslate":3,"minecraft:fern":3},"minecraft:crafted":{"minecraft:oak_planks":52,"minecraft:crafting_table":2,"minecraft:spruce_planks":12,"minecraft:iron_helmet":1,"minecraft:iron_sword":1,"minecraft:stone_axe":1,"minecraft:iron_axe":5,"minecraft:stick":4,"minecraft:iron_pickaxe":2,"minecraft:iron_shovel":1,"minecraft:iron_leggings":1,"minecraft:white_bed":1,"minecraft:redstone_torch":20},"minecraft:broken":{"minecraft:iron_axe":5},"minecraft:picked_up":{"minecraft:birch_log":88,"minecraft:iron_chestplate":1,"minecraft:crafting_table":4,"minecraft:water_bucket":4,"minecraft:leather":6,"minecraft:enchanted_book":7,"minecraft:oak_log":1636,"minecraft:dirt":243,"minecraft:iron_axe":6,"minecraft:iron_leggings":7,"minecraft:iron_shovel":8,"minecraft:apple":8,"minecraft:kelp":1,"minecraft:wheat_seeds":15,"minecraft:cobbled_deepslate":6,"minecraft:raw_gold":6,"minecraft:beef":9,"minecraft:iron_ingot":9,"minecraft:oak_boat":3,"minecraft:redstone_torch":1,"minecraft:light_gray_wool":5,"minecraft:iron_pickaxe":6,"minecraft:glass_bottle":1,"minecraft:sugar_cane":8,"minecraft:birch_sapling":12,"minecraft:iron_sword":1,"minecraft:iron_boots":1,"minecraft:stick":296,"minecraft:raw_iron":57,"minecraft:sweet_berries":22,"minecraft:torch":1,"minecraft:porkchop":26,"minecraft:spruce_sapling":1,"minecraft:spruce_log":122,"minecraft:redstone":128,"minecraft:purple_bed":4,"minecraft:arrow":12,"minecraft:rotten_flesh":9,"minecraft:iron_helmet":2,"minecraft:bread":1,"minecraft:oak_sapling":264,"minecraft:mutton":19,"minecraft:white_wool":8,"minecraft:cobblestone":29},"minecraft:custom":{"minecraft:interact_with_furnace":1,"minecraft:mob_kills":34,"minecraft:interact_with_crafting_table":17,"minecraft:leave_game":10,"minecraft:time_since_death":44171,"minecraft:sleep_in_bed":1,"minecraft:time_since_rest":14925,"minecraft:sprint_one_cm":430706,"minecraft:damage_taken":2750,"minecraft:walk_one_cm":260496,"minecraft:drop":1,"minecraft:damage_dealt":3915,"minecraft:swim_one_cm":48761,"minecraft:fly_one_cm":292618,"minecraft:open_chest":13,"minecraft:crouch_one_cm":3071,"minecraft:play_time":128170,"minecraft:deaths":8,"minecraft:sneak_time":1459,"minecraft:walk_under_water_one_cm":3927,"minecraft:boat_one_cm":3685,"minecraft:jump":1866,"minecraft:interact_with_blast_furnace":1,"minecraft:walk_on_water_one_cm":33733,"minecraft:total_world_time":128170,"minecraft:fall_one_cm":50154},"minecraft:killed_by":{"minecraft:player":2,"minecraft:skeleton":1,"minecraft:creeper":1,"minecraft:zombie":2},"minecraft:killed":{"minecraft:pig":13,"minecraft:witch":1,"minecraft:sheep":9,"minecraft:zombie":3,"minecraft:chicken":1,"minecraft:cow":6},"minecraft:used":{"minecraft:water_bucket":11,"minecraft:iron_shovel":195,"minecraft:iron_sword":17,"minecraft:dirt":12,"minecraft:mutton":7,"minecraft:crafting_table":5,"minecraft:white_bed":1,"minecraft:redstone_torch":12,"minecraft:oak_log":295,"minecraft:apple":6,"minecraft:iron_axe":602,"minecraft:bread":4,"minecraft:iron_pickaxe":46,"minecraft:stone_axe":95,"minecraft:beef":1,"minecraft:sweet_berries":19,"minecraft:purple_bed":2,"minecraft:porkchop":11,"minecraft:bucket":11}},"DataVersion":3337}