{"stats":{"minecraft:broken":{"minecraft:shears":56,"minecraft:iron_axe":5,"minecraft:stone_axe":2},"minecraft:dropped":{"minecraft:dripstone_block":64,"minecraft:iron_shovel":1,"minecraft:white_wool":33,"minecraft:stone_axe":1,"minecraft:end_stone":14,"minecraft:shears":1,"minecraft:arrow":192},"minecraft:picked_up":{"minecraft:iron_chestplate":1,"minecraft:crafting_table":18,"minecraft:chicken":2,"minecraft:enchanted_book":7,"minecraft:iron_axe":6,"minecraft:iron_leggings":7,"minecraft:iron_shovel":8,"minecraft:cobbled_deepslate":6,"minecraft:beef":15,"minecraft:redstone_torch":1,"minecraft:oak_boat":3,"minecraft:rose_bush":9,"minecraft:iron_pickaxe":6,"minecraft:light_gray_wool":5,"minecraft:sugar_cane":8,"minecraft:birch_sapling":17,"minecraft:iron_boots":1,"minecraft:egg":1,"minecraft:raw_iron":57,"minecraft:stick":311,"minecraft:end_stone":26,"minecraft:torch":5,"minecraft:porkchop":35,"minecraft:redstone":128,"minecraft:rotten_flesh":12,"minecraft:arrow":14,"minecraft:shears":1,"minecraft:mutton":23,"minecraft:white_wool":11,"minecraft:cobblestone":29,"minecraft:stripped_oak_log":4,"minecraft:birch_log":105,"minecraft:birch_leaves":1776,"minecraft:feather":2,"minecraft:lilac":1,"minecraft:water_bucket":4,"minecraft:leather":7,"minecraft:oak_log":1763,"minecraft:stripped_birch_log":1,"minecraft:dirt":249,"minecraft:bone":3,"minecraft:apple":8,"minecraft:kelp":1,"minecraft:bow":1,"minecraft:wheat_seeds":16,"minecraft:raw_gold":6,"minecraft:iron_ingot":9,"minecraft:glass_bottle":1,"minecraft:iron_sword":1,"minecraft:sweet_berries":30,"minecraft:spruce_sapling":2,"minecraft:spruce_log":131,"minecraft:purple_bed":18,"minecraft:iron_helmet":2,"minecraft:grass":19,"minecraft:bread":1,"minecraft:oak_sapling":270,"minecraft:oak_leaves":11129,"minecraft:ender_pearl":1},"minecraft:custom":{"minecraft:mob_kills":56,"minecraft:interact_with_anvil":3,"minecraft:interact_with_crafting_table":48,"minecraft:open_shulker_box":3,"minecraft:leave_game":15,"minecraft:time_since_death":188591,"minecraft:sprint_one_cm":917392,"minecraft:walk_one_cm":588475,"minecraft:drop":9,"minecraft:play_time":272744,"minecraft:deaths":8,"minecraft:sneak_time":3004,"minecraft:walk_under_water_one_cm":7189,"minecraft:boat_one_cm":3685,"minecraft:jump":3354,"minecraft:interact_with_blast_furnace":1,"minecraft:walk_on_water_one_cm":44682,"minecraft:total_world_time":272744,"minecraft:interact_with_furnace":4,"minecraft:sleep_in_bed":12,"minecraft:time_since_rest":5312,"minecraft:damage_taken":4142,"minecraft:damage_dealt":5146,"minecraft:swim_one_cm":56978,"minecraft:fly_one_cm":1292428,"minecraft:open_chest":38,"minecraft:crouch_one_cm":8626,"minecraft:fall_one_cm":90368},"minecraft:used":{"minecraft:rose_bush":1,"minecraft:iron_shovel":195,"minecraft:chest":1,"minecraft:iron_sword":17,"minecraft:dirt":12,"minecraft:mutton":7,"minecraft:iron_axe":656,"minecraft:bow":63,"minecraft:beef":8,"minecraft:sweet_berries":30,"minecraft:water_bucket":12,"minecraft:ender_pearl":1,"minecraft:crafting_table":22,"minecraft:white_bed":1,"minecraft:dripstone_block":27,"minecraft:shears":13318,"minecraft:end_stone":12,"minecraft:redstone_torch":13,"minecraft:oak_log":295,"minecraft:ender_eye":10,"minecraft:apple":6,"minecraft:bread":35,"minecraft:iron_pickaxe":137,"minecraft:map":1,"minecraft:stone_axe":256,"minecraft:purple_bed":16,"minecraft:porkchop":21,"minecraft:bucket":12},"minecraft:crafted":{"minecraft:oak_planks":56,"minecraft:diamond_helmet":1,"minecraft:diamond_leggings":1,"minecraft:iron_axe":7,"minecraft:chest":1,"minecraft:diamond_boots":1,"minecraft:crafting_table":4,"minecraft:spruce_planks":12,"minecraft:iron_helmet":1,"minecraft:iron_sword":1,"minecraft:stripped_oak_wood":3,"minecraft:birch_planks":4,"minecraft:stone_axe":3,"minecraft:stick":4,"minecraft:iron_pickaxe":2,"minecraft:iron_shovel":1,"minecraft:iron_leggings":1,"minecraft:white_bed":1,"minecraft:redstone_torch":20,"minecraft:shears":57,"minecraft:diamond_chestplate":1},"minecraft:killed_by":{"minecraft:player":2,"minecraft:creeper":1,"minecraft:skeleton":1,"minecraft:zombie":2},"minecraft:killed":{"minecraft:witch":1,"minecraft:spider":1,"minecraft:skeleton":1,"minecraft:chicken":3,"minecraft:wolf":1,"minecraft:pig":19,"minecraft:salmon":1,"minecraft:creeper":1,"minecraft:sheep":12,"minecraft:zombie":6,"minecraft:cow":9},"minecraft:mined":{"minecraft:stripped_birch_log":1,"minecraft:end_stone":17,"minecraft:grass_block":140,"minecraft:jungle_log":1,"minecraft:spruce_leaves":34,"minecraft:large_fern":4,"minecraft:iron_ore":1,"minecraft:pumpkin":5,"minecraft:deepslate_iron_ore":9,"minecraft:vine":1,"minecraft:stripped_oak_log":4,"minecraft:stripped_jungle_log":2,"minecraft:stone":16,"minecraft:deepslate_redstone_ore":9,"minecraft:crafting_table":19,"minecraft:rose_bush":9,"minecraft:cobblestone":1,"minecraft:tall_grass":2,"minecraft:deepslate_gold_ore":2,"minecraft:sugar_cane":3,"minecraft:purple_bed":18,"minecraft:birch_log":4,"minecraft:sweet_berry_bush":15,"minecraft:lilac":1,"minecraft:spruce_log":130,"minecraft:birch_leaves":1962,"minecraft:grass":55,"minecraft:oak_log":410,"minecraft:dirt":52,"minecraft:fern":6,"minecraft:oak_leaves":11446,"minecraft:deepslate":3}},"DataVersion":3337}