{"stats":{"minecraft:dropped":{"minecraft:iron_shovel":1},"minecraft:mined":{"minecraft:deepslate_redstone_ore":9,"minecraft:crafting_table":2,"minecraft:grass_block":134,"minecraft:tall_grass":2,"minecraft:cobblestone":1,"minecraft:deepslate_gold_ore":2,"minecraft:sugar_cane":3,"minecraft:purple_bed":1,"minecraft:birch_log":1,"minecraft:birch_leaves":1,"minecraft:grass":18,"minecraft:oak_log":237,"minecraft:deepslate_iron_ore":9,"minecraft:dirt":50,"minecraft:stone":10,"minecraft:oak_leaves":61,"minecraft:deepslate":3,"minecraft:fern":1},"minecraft:crafted":{"minecraft:oak_planks":52,"minecraft:crafting_table":1,"minecraft:iron_helmet":1,"minecraft:iron_sword":1,"minecraft:iron_axe":4,"minecraft:stick":4,"minecraft:iron_pickaxe":2,"minecraft:iron_shovel":1,"minecraft:iron_leggings":1,"minecraft:white_bed":1,"minecraft:redstone_torch":20},"minecraft:broken":{"minecraft:iron_axe":3},"minecraft:picked_up":{"minecraft:birch_log":88,"minecraft:iron_chestplate":1,"minecraft:crafting_table":2,"minecraft:water_bucket":4,"minecraft:leather":1,"minecraft:enchanted_book":7,"minecraft:oak_log":1547,"minecraft:dirt":240,"minecraft:iron_axe":6,"minecraft:iron_leggings":7,"minecraft:iron_shovel":8,"minecraft:apple":8,"minecraft:kelp":1,"minecraft:wheat_seeds":12,"minecraft:cobbled_deepslate":6,"minecraft:raw_gold":6,"minecraft:beef":1,"minecraft:iron_ingot":9,"minecraft:oak_boat":3,"minecraft:redstone_torch":1,"minecraft:iron_pickaxe":6,"minecraft:light_gray_wool":5,"minecraft:sugar_cane":8,"minecraft:birch_sapling":12,"minecraft:iron_sword":1,"minecraft:iron_boots":1,"minecraft:stick":292,"minecraft:raw_iron":57,"minecraft:torch":1,"minecraft:porkchop":11,"minecraft:redstone":128,"minecraft:purple_bed":1,"minecraft:arrow":12,"minecraft:rotten_flesh":9,"minecraft:iron_helmet":2,"minecraft:bread":1,"minecraft:oak_sapling":264,"minecraft:mutton":19,"minecraft:white_wool":8,"minecraft:cobblestone":22},"minecraft:custom":{"minecraft:interact_with_furnace":1,"minecraft:mob_kills":20,"minecraft:interact_with_crafting_table":13,"minecraft:leave_game":7,"minecraft:time_since_death":22079,"minecraft:time_since_rest":22150,"minecraft:sprint_one_cm":348449,"minecraft:damage_taken":2707,"minecraft:walk_one_cm":217396,"minecraft:drop":1,"minecraft:damage_dealt":2270,"minecraft:swim_one_cm":48761,"minecraft:fly_one_cm":245841,"minecraft:open_chest":13,"minecraft:crouch_one_cm":3071,"minecraft:play_time":106078,"minecraft:sneak_time":1459,"minecraft:deaths":8,"minecraft:walk_under_water_one_cm":3927,"minecraft:boat_one_cm":3685,"minecraft:jump":1523,"minecraft:walk_on_water_one_cm":33309,"minecraft:total_world_time":106078,"minecraft:fall_one_cm":42147},"minecraft:killed_by":{"minecraft:player":2,"minecraft:skeleton":1,"minecraft:creeper":1,"minecraft:zombie":2},"minecraft:killed":{"minecraft:pig":6,"minecraft:sheep":9,"minecraft:zombie":3,"minecraft:cow":1},"minecraft:used":{"minecraft:water_bucket":11,"minecraft:iron_shovel":195,"minecraft:iron_sword":17,"minecraft:dirt":8,"minecraft:mutton":7,"minecraft:crafting_table":3,"minecraft:white_bed":1,"minecraft:redstone_torch":11,"minecraft:oak_log":288,"minecraft:apple":6,"minecraft:iron_axe":352,"minecraft:bread":4,"minecraft:iron_pickaxe":40,"minecraft:beef":1,"minecraft:porkchop":9,"minecraft:bucket":11}},"DataVersion":3337}