{"stats":{"minecraft:killed":{"minecraft:sheep":3,"minecraft:pig":1},"minecraft:dropped":{"minecraft:enchanted_book":1,"minecraft:wheat_seeds":3,"minecraft:stick":1},"minecraft:used":{"minecraft:cooked_mutton":1,"minecraft:stone_pickaxe":20,"minecraft:iron_pickaxe":27,"minecraft:wooden_pickaxe":3,"minecraft:netherrack":6,"minecraft:mutton":1,"minecraft:dirt":6,"minecraft:crafting_table":2,"minecraft:furnace":2,"minecraft:cooked_porkchop":1},"minecraft:custom":{"minecraft:time_since_rest":9257,"minecraft:interact_with_furnace":6,"minecraft:sprint_one_cm":58768,"minecraft:damage_taken":599,"minecraft:walk_one_cm":43816,"minecraft:mob_kills":4,"minecraft:drop":5,"minecraft:damage_dealt":340,"minecraft:swim_one_cm":1442,"minecraft:interact_with_crafting_table":6,"minecraft:fly_one_cm":101305,"minecraft:open_chest":1,"minecraft:crouch_one_cm":838,"minecraft:play_time":21350,"minecraft:deaths":2,"minecraft:sneak_time":344,"minecraft:walk_under_water_one_cm":2007,"minecraft:jump":601,"minecraft:leave_game":2,"minecraft:time_since_death":9235,"minecraft:walk_on_water_one_cm":642,"minecraft:climb_one_cm":2079,"minecraft:total_world_time":21350,"minecraft:fall_one_cm":30936},"minecraft:mined":{"minecraft:furnace":2,"minecraft:iron_ore":4,"minecraft:gold_block":1,"minecraft:crafting_table":2,"minecraft:grass":6,"minecraft:coal_ore":18,"minecraft:grass_block":6,"minecraft:oak_log":3,"minecraft:vine":2,"minecraft:jungle_log":4,"minecraft:tall_grass":1,"minecraft:stone":13,"minecraft:netherrack":6,"minecraft:oak_leaves":11},"minecraft:picked_up":{"minecraft:stick":1,"minecraft:crafting_table":2,"minecraft:raw_iron":5,"minecraft:jungle_log":4,"minecraft:gold_block":1,"minecraft:enchanted_book":1,"minecraft:porkchop":1,"minecraft:oak_log":4,"minecraft:dirt":6,"minecraft:wheat_seeds":5,"minecraft:netherrack":6,"minecraft:mutton":5,"minecraft:coal":18,"minecraft:white_wool":4,"minecraft:cobblestone":13,"minecraft:furnace":2},"minecraft:crafted":{"minecraft:oak_planks":16,"minecraft:cooked_porkchop":1,"minecraft:crafting_table":1,"minecraft:stick":8,"minecraft:iron_pickaxe":1,"minecraft:iron_ingot":3,"minecraft:wooden_pickaxe":1,"minecraft:stone_pickaxe":1,"minecraft:furnace":1,"minecraft:cooked_mutton":1,"minecraft:air":0}},"DataVersion":3337}