{"stats":{"minecraft:killed":{"minecraft:pig":1,"minecraft:sheep":3,"minecraft:skeleton":1},"minecraft:used":{"minecraft:cooked_mutton":2,"minecraft:stone_pickaxe":25,"minecraft:wooden_pickaxe":3,"minecraft:netherrack":24,"minecraft:white_wool":2,"minecraft:torch":6,"minecraft:dirt":6,"minecraft:mutton":1,"minecraft:crafting_table":2,"minecraft:iron_pickaxe":49,"minecraft:furnace":3,"minecraft:cooked_porkchop":4},"minecraft:dropped":{"minecraft:enchanted_book":1,"minecraft:wheat_seeds":3,"minecraft:stick":1,"minecraft:glistering_melon_slice":3},"minecraft:custom":{"minecraft:interact_with_furnace":11,"minecraft:mob_kills":5,"minecraft:interact_with_crafting_table":7,"minecraft:leave_game":3,"minecraft:time_since_death":18665,"minecraft:climb_one_cm":3236,"minecraft:time_since_rest":18687,"minecraft:sprint_one_cm":97180,"minecraft:damage_taken":1096,"minecraft:walk_one_cm":64688,"minecraft:drop":8,"minecraft:damage_dealt":540,"minecraft:swim_one_cm":1442,"minecraft:fly_one_cm":204234,"minecraft:open_chest":2,"minecraft:crouch_one_cm":1092,"minecraft:play_time":30780,"minecraft:deaths":2,"minecraft:sneak_time":402,"minecraft:walk_under_water_one_cm":2007,"minecraft:jump":1059,"minecraft:walk_on_water_one_cm":642,"minecraft:total_world_time":30780,"minecraft:fall_one_cm":54144},"minecraft:mined":{"minecraft:crafting_table":2,"minecraft:grass_block":6,"minecraft:jungle_log":4,"minecraft:tall_grass":1,"minecraft:furnace":3,"minecraft:iron_ore":4,"minecraft:fire":3,"minecraft:gold_block":1,"minecraft:grass":7,"minecraft:oak_log":3,"minecraft:coal_ore":18,"minecraft:vine":2,"minecraft:stone":15,"minecraft:netherrack":24,"minecraft:oak_leaves":12},"minecraft:picked_up":{"minecraft:cocoa_beans":7,"minecraft:crafting_table":2,"minecraft:jungle_log":4,"minecraft:wooden_pickaxe":1,"minecraft:gold_block":1,"minecraft:enchanted_book":2,"minecraft:oak_log":4,"minecraft:dirt":12,"minecraft:bone":1,"minecraft:wheat_seeds":7,"minecraft:beef":3,"minecraft:oak_planks":1,"minecraft:furnace":3,"minecraft:raw_iron":5,"minecraft:stick":5,"minecraft:cooked_porkchop":3,"minecraft:torch":1,"minecraft:porkchop":1,"minecraft:jungle_planks":53,"minecraft:arrow":1,"minecraft:peony":2,"minecraft:glistering_melon_slice":3,"minecraft:netherrack":24,"minecraft:black_wool":1,"minecraft:mutton":15,"minecraft:coal":18,"minecraft:white_wool":9,"minecraft:cobblestone":15},"minecraft:crafted":{"minecraft:oak_planks":16,"minecraft:cooked_porkchop":1,"minecraft:crafting_table":1,"minecraft:wooden_pickaxe":1,"minecraft:furnace":1,"minecraft:cooked_mutton":2,"minecraft:air":0,"minecraft:stick":8,"minecraft:iron_ingot":3,"minecraft:iron_pickaxe":1,"minecraft:stone_pickaxe":1,"minecraft:torch":8}},"DataVersion":3337}