{"stats":{"minecraft:used":{"minecraft:dirt":1},"minecraft:custom":{"minecraft:jump":69,"minecraft:time_since_rest":2708,"minecraft:leave_game":1,"minecraft:crouch_one_cm":57,"minecraft:walk_on_water_one_cm":194,"minecraft:sprint_one_cm":5194,"minecraft:play_time":2708,"minecraft:damage_taken":40,"minecraft:time_since_death":2708,"minecraft:walk_one_cm":5220,"minecraft:sneak_time":50,"minecraft:total_world_time":2708,"minecraft:walk_under_water_one_cm":1184,"minecraft:swim_one_cm":1442,"minecraft:fall_one_cm":2997,"minecraft:fly_one_cm":7107},"minecraft:picked_up":{"minecraft:dirt":1},"minecraft:mined":{"minecraft:grass":1,"minecraft:grass_block":1}},"DataVersion":3337}