{"stats":{"minecraft:custom":{"minecraft:time_since_rest":9727,"minecraft:damage_taken":11455,"minecraft:crouch_one_cm":5066,"minecraft:play_time":27295,"minecraft:sprint_one_cm":23370,"minecraft:walk_one_cm":24424,"minecraft:deaths":18,"minecraft:sneak_time":2497,"minecraft:drop":3,"minecraft:jump":228,"minecraft:damage_dealt":523,"minecraft:leave_game":2,"minecraft:walk_on_water_one_cm":300,"minecraft:time_since_death":0,"minecraft:total_world_time":27295,"minecraft:fall_one_cm":199037,"minecraft:fly_one_cm":61130,"minecraft:player_kills":3},"minecraft:killed_by":{"minecraft:player":1},"minecraft:dropped":{"minecraft:poppy":1,"minecraft:wheat_seeds":1,"minecraft:dandelion":1},"minecraft:used":{"minecraft:torch":1,"minecraft:sand":5,"minecraft:white_carpet":1,"minecraft:dandelion":1},"minecraft:mined":{"minecraft:short_grass":23,"minecraft:grass_block":1,"minecraft:poppy":1,"minecraft:sand":5,"minecraft:tall_grass":1,"minecraft:white_carpet":1,"minecraft:dandelion":2,"minecraft:wall_torch":1,"minecraft:torch":1},"minecraft:picked_up":{"minecraft:white_carpet":1,"minecraft:dandelion":4,"minecraft:torch":2,"minecraft:wheat_seeds":6,"minecraft:sand":5,"minecraft:poppy":1,"minecraft:dirt":1}},"DataVersion":3955}