{"stats":{"minecraft:crafted":{"minecraft:oak_planks":536,"minecraft:oak_sign":6,"minecraft:cobblestone_slab":6,"minecraft:barrel":3,"minecraft:lever":1,"minecraft:shulker_box":1,"minecraft:cooked_mutton":5,"minecraft:iron_bars":16,"minecraft:hopper":11,"minecraft:diamond_leggings":2,"minecraft:diamond_helmet":1,"minecraft:bow":3,"minecraft:iron_boots":4,"minecraft:chest":23,"minecraft:oak_button":7,"minecraft:rail":16,"minecraft:oak_slab":12,"minecraft:emerald":124,"minecraft:cooked_porkchop":15,"minecraft:map":15,"minecraft:crafting_table":8,"minecraft:spruce_planks":8,"minecraft:jungle_boat":1,"minecraft:wooden_pickaxe":2,"minecraft:iron_helmet":3,"minecraft:smithing_table":1,"minecraft:birch_planks":4,"minecraft:cartography_table":1,"minecraft:iron_chestplate":4,"minecraft:paper":3987,"minecraft:diamond_pickaxe":1,"minecraft:yellow_dye":20,"minecraft:shield":3,"minecraft:stick":40,"minecraft:iron_ingot":121,"minecraft:iron_pickaxe":4,"minecraft:iron_block":6,"minecraft:light_gray_dye":1,"minecraft:shears":2,"minecraft:oak_door":3,"minecraft:tripwire_hook":2,"minecraft:furnace":5,"minecraft:white_carpet":141,"minecraft:oak_trapdoor":4,"minecraft:flint_and_steel":1,"minecraft:iron_axe":5,"minecraft:stone_pickaxe":1,"minecraft:diamond_boots":2,"minecraft:minecart":1,"minecraft:wheat":153,"minecraft:red_dye":106,"minecraft:cooked_cod":7,"minecraft:diamond_sword":3,"minecraft:iron_sword":1,"minecraft:bucket":3,"minecraft:stone_axe":1,"minecraft:bread":51,"minecraft:air":0,"minecraft:jungle_planks":48,"minecraft:blue_dye":4,"minecraft:oak_boat":4,"minecraft:jungle_door":3,"minecraft:wooden_axe":2,"minecraft:iron_shovel":6,"minecraft:iron_leggings":3,"minecraft:anvil":2,"minecraft:torch":72,"minecraft:diamond_chestplate":2,"minecraft:firework_rocket":147},"minecraft:used":{"minecraft:iron_shovel":1281,"minecraft:oak_sign":11,"minecraft:chest":31,"minecraft:shield":46,"minecraft:iron_sword":197,"minecraft:zombie_spawn_egg":1,"minecraft:rotten_flesh":10,"minecraft:mutton":2,"minecraft:carrot":6,"minecraft:tuff":11,"minecraft:obsidian":16,"minecraft:lava_bucket":83,"minecraft:stone_bricks":3,"minecraft:bow":50,"minecraft:oak_sapling":19,"minecraft:furnace":6,"minecraft:cooked_cod":7,"minecraft:egg":1,"minecraft:potato":1,"minecraft:diorite":8,"minecraft:end_stone_bricks":1,"minecraft:diamond_boots":1,"minecraft:stone_pickaxe":238,"minecraft:oak_planks":256,"minecraft:ender_pearl":22,"minecraft:wooden_pickaxe":6,"minecraft:diamond_axe":301,"minecraft:purpur_pillar":1,"minecraft:jungle_boat":3,"minecraft:oak_leaves":3,"minecraft:sand":1,"minecraft:end_stone":347,"minecraft:shears":224,"minecraft:lever":11,"minecraft:firework_rocket":19,"minecraft:bread":48,"minecraft:string":72,"minecraft:melon_slice":28,"minecraft:gravel":2,"minecraft:diamond_sword":1159,"minecraft:smithing_table":1,"minecraft:andesite":6,"minecraft:oak_boat":27,"minecraft:oak_trapdoor":51,"minecraft:iron_bars":2,"minecraft:flint_and_steel":1,"minecraft:dried_kelp":1,"minecraft:redstone":1,"minecraft:cooked_chicken":8,"minecraft:netherrack":1481,"minecraft:oak_door":2,"minecraft:torch":79,"minecraft:brewing_stand":1,"minecraft:dirt":652,"minecraft:warped_wart_block":18,"minecraft:anvil":2,"minecraft:white_carpet":129,"minecraft:hopper":30,"minecraft:diamond_helmet":1,"minecraft:shulker_box":15,"minecraft:granite":16,"minecraft:wooden_axe":34,"minecraft:iron_axe":409,"minecraft:jungle_log":4,"minecraft:iron_boots":1,"minecraft:barrel":4,"minecraft:bamboo":22,"minecraft:diamond_chestplate":2,"minecraft:tripwire_hook":14,"minecraft:beef":4,"minecraft:minecart":2,"minecraft:cooked_beef":22,"minecraft:cobbled_deepslate":497,"minecraft:iron_leggings":1,"minecraft:cooked_mutton":17,"minecraft:water_bucket":361,"minecraft:cartography_table":18,"minecraft:cobblestone_slab":16,"minecraft:cracked_stone_bricks":1,"minecraft:salmon":6,"minecraft:rail":4,"minecraft:crafting_table":18,"minecraft:white_bed":4,"minecraft:cod":4,"minecraft:oak_log":8,"minecraft:ender_eye":9,"minecraft:apple":1,"minecraft:diamond_pickaxe":1579,"minecraft:diamond_shovel":754,"minecraft:chicken":2,"minecraft:oak_button":6,"minecraft:iron_pickaxe":570,"minecraft:spruce_sapling":1,"minecraft:stone_axe":103,"minecraft:cobblestone":197,"minecraft:potion":2,"minecraft:cooked_porkchop":54,"minecraft:jungle_door":4,"minecraft:bucket":447,"minecraft:yellow_bed":10,"minecraft:dandelion":3,"minecraft:diamond_leggings":1},"minecraft:custom":{"minecraft:interact_with_crafting_table":133,"minecraft:open_shulker_box":31,"minecraft:leave_game":69,"minecraft:time_since_death":94488,"minecraft:sprint_one_cm":1391420,"minecraft:damage_blocked_by_shield":2850,"minecraft:drop":327,"minecraft:talked_to_villager":57,"minecraft:play_time":917562,"minecraft:deaths":15,"minecraft:jump":11183,"minecraft:walk_on_water_one_cm":152440,"minecraft:interact_with_furnace":141,"minecraft:traded_with_villager":139,"minecraft:interact_with_cartography_table":3,"minecraft:sleep_in_bed":1,"minecraft:damage_dealt":83304,"minecraft:player_kills":1,"minecraft:crouch_one_cm":221082,"minecraft:inspect_dispenser":4,"minecraft:mob_kills":4788,"minecraft:interact_with_anvil":51,"minecraft:inspect_hopper":24,"minecraft:climb_one_cm":2359,"minecraft:walk_one_cm":1554850,"minecraft:sneak_time":56531,"minecraft:walk_under_water_one_cm":115101,"minecraft:boat_one_cm":283646,"minecraft:total_world_time":917562,"minecraft:time_since_rest":51564,"minecraft:damage_taken":55654,"minecraft:damage_absorbed":10240,"minecraft:swim_one_cm":152911,"minecraft:fly_one_cm":2461884,"minecraft:open_chest":399,"minecraft:aviate_one_cm":977443,"minecraft:fall_one_cm":779696},"minecraft:killed":{"minecraft:spider":18,"minecraft:cod":6,"minecraft:shulker":12,"minecraft:skeleton":45,"minecraft:chicken":13,"minecraft:silverfish":6,"minecraft:pig":26,"minecraft:zombie_villager":3,"minecraft:iron_golem":11,"minecraft:ender_dragon":1,"minecraft:creeper":23,"minecraft:sheep":16,"minecraft:zombie":131,"minecraft:cow":16,"minecraft:phantom":11,"minecraft:horse":8,"minecraft:villager":1,"minecraft:enderman":4412},"minecraft:killed_by":{"minecraft:creeper":2,"minecraft:witch":1,"minecraft:zombie":1,"minecraft:player":2,"minecraft:enderman":1,"minecraft:iron_golem":2,"minecraft:skeleton":1},"minecraft:picked_up":{"minecraft:shulker_shell":10,"minecraft:iron_chestplate":10,"minecraft:wheat":4,"minecraft:prismarine_shard":32,"minecraft:lead":25,"minecraft:diamond_sword":3,"minecraft:enchanted_book":20,"minecraft:potion":2,"minecraft:brewing_stand":3,"minecraft:string":98,"minecraft:raw_copper":10,"minecraft:iron_leggings":9,"minecraft:shroomlight":3,"minecraft:oak_sign":12,"minecraft:diamond_leggings":3,"minecraft:cobbled_deepslate":830,"minecraft:bucket":4,"minecraft:spruce_planks":1,"minecraft:red_dye":28,"minecraft:calcite":6,"minecraft:cobblestone_slab":19,"minecraft:ender_eye":4,"minecraft:iron_pickaxe":15,"minecraft:melon_slice":28,"minecraft:iron_boots":11,"minecraft:furnace":7,"minecraft:stick":3824,"minecraft:jungle_door":10,"minecraft:composter":1,"minecraft:oak_fence":89,"minecraft:torch":72,"minecraft:purpur_pillar":1,"minecraft:spruce_stairs":2,"minecraft:porkchop":21,"minecraft:dried_kelp":3,"minecraft:diorite":13,"minecraft:zombie_spawn_egg":1,"minecraft:rotten_flesh":226,"minecraft:tropical_fish":8,"minecraft:obsidian":6,"minecraft:iron_bars":28,"minecraft:cod":9,"minecraft:cobblestone":539,"minecraft:birch_log":1,"minecraft:feather":21,"minecraft:cooked_beef":39,"minecraft:andesite":20,"minecraft:water_bucket":7,"minecraft:jungle_log":23,"minecraft:brown_wool":1,"minecraft:potato":4,"minecraft:flint":24,"minecraft:tuff":150,"minecraft:map":12,"minecraft:lapis_lazuli":540,"minecraft:dirt":1804,"minecraft:name_tag":1,"minecraft:bone":82,"minecraft:stonecutter":1,"minecraft:bow":3,"minecraft:wheat_seeds":85,"minecraft:diamond_helmet":3,"minecraft:bamboo":84,"minecraft:oak_planks":211,"minecraft:honeycomb":18,"minecraft:cooked_porkchop":42,"minecraft:warped_wart_block":196,"minecraft:jungle_planks":1,"minecraft:sand":2,"minecraft:shulker_box":20,"minecraft:barrel":1,"minecraft:diamond":167,"minecraft:lever":10,"minecraft:granite":25,"minecraft:grass":6,"minecraft:golden_apple":1,"minecraft:bread":29,"minecraft:emerald":3,"minecraft:oak_sapling":23,"minecraft:netherrack":84,"minecraft:oak_leaves":200,"minecraft:diamond_pickaxe":5,"minecraft:end_stone_bricks":4,"minecraft:fishing_rod":1,"minecraft:crafting_table":20,"minecraft:chicken":5,"minecraft:purpur_block":2,"minecraft:shield":9,"minecraft:cornflower":5,"minecraft:oak_trapdoor":60,"minecraft:elytra":3,"minecraft:iron_axe":6,"minecraft:flint_and_steel":2,"minecraft:white_carpet":2,"minecraft:iron_shovel":10,"minecraft:cracked_stone_bricks":3,"minecraft:cartography_table":17,"minecraft:beef":5,"minecraft:oak_boat":31,"minecraft:player_head":5,"minecraft:minecart":1,"minecraft:poppy":42,"minecraft:light_gray_wool":2,"minecraft:sugar_cane":12,"minecraft:chest":22,"minecraft:phantom_membrane":23,"minecraft:egg":1,"minecraft:raw_iron":200,"minecraft:end_stone":405,"minecraft:carrot":37,"minecraft:redstone":1535,"minecraft:diamond_chestplate":1,"minecraft:arrow":271,"minecraft:golden_hoe":1,"minecraft:shears":11,"minecraft:diamond_boots":1,"minecraft:purpur_slab":2,"minecraft:hay_block":21,"minecraft:gold_ingot":6,"minecraft:mutton":11,"minecraft:rail":4,"minecraft:white_wool":45,"minecraft:oxeye_daisy":1,"minecraft:jungle_boat":4,"minecraft:tripwire_hook":11,"minecraft:salmon":7,"minecraft:leather":32,"minecraft:oak_log":200,"minecraft:yellow_bed":10,"minecraft:gunpowder":57,"minecraft:cooked_mutton":41,"minecraft:apple":3,"minecraft:stone_bricks":5,"minecraft:kelp":214,"minecraft:warped_stem":21,"minecraft:iron_ingot":347,"minecraft:stone_pickaxe":4,"minecraft:cooked_chicken":9,"minecraft:stripped_oak_wood":1,"minecraft:glass_bottle":4,"minecraft:iron_sword":8,"minecraft:book":457,"minecraft:oak_slab":25,"minecraft:smooth_basalt":8,"minecraft:pumpkin":3,"minecraft:sweet_berries":2,"minecraft:dandelion":33,"minecraft:dripstone_block":3,"minecraft:gravel":42,"minecraft:lava_bucket":3,"minecraft:spruce_sapling":1,"minecraft:white_bed":4,"minecraft:spruce_log":2,"minecraft:spider_eye":17,"minecraft:dragon_egg":1,"minecraft:spruce_door":3,"minecraft:firework_rocket":45,"minecraft:diamond_shovel":2,"minecraft:stone_axe":2,"minecraft:iron_helmet":8,"minecraft:diamond_axe":7,"minecraft:gray_wool":2,"minecraft:oak_button":4,"minecraft:baked_potato":38,"minecraft:black_wool":1,"minecraft:hopper":22,"minecraft:coal":124,"minecraft:ender_pearl":1366,"minecraft:wooden_axe":1},"minecraft:dropped":{"minecraft:iron_sword":6,"minecraft:porkchop":1,"minecraft:diamond_axe":2,"minecraft:glass_bottle":6,"minecraft:ender_pearl":48,"minecraft:crafting_table":1,"minecraft:honeycomb":15,"minecraft:leather":1,"minecraft:jungle_planks":1,"minecraft:cracked_stone_bricks":2,"minecraft:rail":16,"minecraft:flint":16,"minecraft:dirt":32,"minecraft:grass":6,"minecraft:cornflower":1,"minecraft:phantom_membrane":4,"minecraft:iron_pickaxe":4,"minecraft:stripped_oak_wood":1,"minecraft:fishing_rod":1,"minecraft:bone":34,"minecraft:gravel":20,"minecraft:stone_axe":2,"minecraft:sugar_cane":2,"minecraft:cobbled_deepslate":101,"minecraft:wheat":4,"minecraft:rotten_flesh":36,"minecraft:oak_planks":4,"minecraft:poppy":8,"minecraft:gunpowder":27,"minecraft:iron_bars":26,"minecraft:arrow":16,"minecraft:warped_wart_block":178,"minecraft:netherrack":14,"minecraft:firework_rocket":10,"minecraft:enchanted_book":5,"minecraft:water_bucket":1,"minecraft:iron_ingot":137,"minecraft:wheat_seeds":29,"minecraft:feather":4,"minecraft:lead":10,"minecraft:prismarine_shard":16,"minecraft:oak_fence":6,"minecraft:iron_helmet":1,"minecraft:cobblestone":71,"minecraft:apple":6,"minecraft:granite":2,"minecraft:spruce_stairs":2,"minecraft:spruce_door":3,"minecraft:tropical_fish":6,"minecraft:stick":5122,"minecraft:diorite":3,"minecraft:torch":1,"minecraft:map":27,"minecraft:jungle_door":3,"minecraft:iron_leggings":3,"minecraft:stonecutter":1,"minecraft:red_dye":21,"minecraft:paper":458,"minecraft:iron_shovel":4,"minecraft:string":3,"minecraft:bucket":3,"minecraft:dandelion":1,"minecraft:furnace":4,"minecraft:kelp":158,"minecraft:sweet_berries":2,"minecraft:oak_trapdoor":1,"minecraft:player_head":5,"minecraft:raw_copper":10,"minecraft:tuff":31,"minecraft:composter":1,"minecraft:raw_iron":3,"minecraft:white_carpet":2,"minecraft:iron_boots":3,"minecraft:oak_sign":1,"minecraft:shulker_box":1,"minecraft:shears":5,"minecraft:flint_and_steel":1,"minecraft:oak_button":3,"minecraft:spruce_planks":1,"minecraft:iron_chestplate":4,"minecraft:andesite":11,"minecraft:oak_sapling":2,"minecraft:stone_bricks":1,"minecraft:spider_eye":6,"minecraft:bow":4,"minecraft:stone_pickaxe":3,"minecraft:wooden_pickaxe":1,"minecraft:calcite":4},"minecraft:broken":{"minecraft:iron_shovel":4,"minecraft:iron_boots":1,"minecraft:iron_chestplate":1,"minecraft:iron_leggings":1,"minecraft:stone_pickaxe":1,"minecraft:iron_sword":1,"minecraft:iron_axe":2,"minecraft:iron_pickaxe":1},"minecraft:mined":{"minecraft:spruce_planks":1,"minecraft:white_bed":4,"minecraft:oak_sapling":2,"minecraft:brewing_stand":2,"minecraft:obsidian":7,"minecraft:granite":21,"minecraft:grass_block":811,"minecraft:jungle_log":21,"minecraft:purpur_slab":2,"minecraft:composter":1,"minecraft:hopper":19,"minecraft:oak_wall_sign":1,"minecraft:spawner":1,"minecraft:tall_seagrass":3,"minecraft:cobbled_deepslate":189,"minecraft:barrel":1,"minecraft:iron_ore":52,"minecraft:fire":3,"minecraft:pumpkin":3,"minecraft:deepslate_lapis_ore":31,"minecraft:sculk_shrieker":7,"minecraft:oak_sign":2,"minecraft:dirt_path":42,"minecraft:iron_bars":1,"minecraft:end_stone_bricks":4,"minecraft:tripwire":7,"minecraft:deepslate_redstone_ore":242,"minecraft:jungle_door":3,"minecraft:kelp_plant":84,"minecraft:torch":11,"minecraft:calcite":2,"minecraft:melon":5,"minecraft:chest":20,"minecraft:cobblestone":24,"minecraft:oak_planks":15,"minecraft:sugar_cane":5,"minecraft:wall_torch":6,"minecraft:seagrass":1,"minecraft:warped_nylium":1,"minecraft:wheat":3,"minecraft:stripped_oak_wood":1,"minecraft:purpur_block":2,"minecraft:grass":432,"minecraft:oak_log":90,"minecraft:sand":2,"minecraft:dirt":583,"minecraft:smooth_basalt":8,"minecraft:tripwire_hook":12,"minecraft:stonecutter":1,"minecraft:netherrack":156,"minecraft:oak_leaves":243,"minecraft:deepslate":453,"minecraft:diamond_ore":2,"minecraft:tuff":71,"minecraft:deepslate_diamond_ore":60,"minecraft:end_stone":386,"minecraft:shulker_box":16,"minecraft:lever":6,"minecraft:spruce_leaves":15,"minecraft:cartography_table":17,"minecraft:kelp":21,"minecraft:large_fern":1,"minecraft:hay_block":18,"minecraft:redstone_ore":11,"minecraft:oak_trapdoor":47,"minecraft:furnace":3,"minecraft:carrots":5,"minecraft:andesite":19,"minecraft:bookshelf":161,"minecraft:deepslate_iron_ore":95,"minecraft:cobblestone_slab":12,"minecraft:vine":2,"minecraft:rail":4,"minecraft:warped_stem":1,"minecraft:bamboo":5,"minecraft:stone":358,"minecraft:oak_slab":3,"minecraft:magenta_stained_glass":2,"minecraft:dandelion":15,"minecraft:spruce_door":3,"minecraft:oak_fence":21,"minecraft:crafting_table":13,"minecraft:emerald_ore":1,"minecraft:sculk_sensor":16,"minecraft:tall_grass":49,"minecraft:purpur_pillar":1,"minecraft:copper_ore":3,"minecraft:deepslate_gold_ore":2,"minecraft:lapis_ore":12,"minecraft:sculk":1,"minecraft:diorite":8,"minecraft:warped_wart_block":18,"minecraft:spruce_stairs":1,"minecraft:sweet_berry_bush":1,"minecraft:white_carpet":1,"minecraft:spruce_log":2,"minecraft:birch_leaves":1,"minecraft:yellow_bed":10,"minecraft:bee_nest":1,"minecraft:coal_ore":54,"minecraft:gravel":26,"minecraft:cobweb":9,"minecraft:cracked_stone_bricks":1,"minecraft:stone_bricks":1,"minecraft:fern":5}},"DataVersion":3337}