{"stats":{"minecraft:custom":{"minecraft:mob_kills":15,"minecraft:interact_with_crafting_table":8,"minecraft:leave_game":14,"minecraft:time_since_death":34481,"minecraft:climb_one_cm":1975,"minecraft:time_since_rest":34501,"minecraft:sprint_one_cm":125357,"minecraft:damage_taken":885,"minecraft:walk_one_cm":59615,"minecraft:drop":5,"minecraft:damage_dealt":1987,"minecraft:swim_one_cm":1654,"minecraft:fly_one_cm":222044,"minecraft:open_chest":2,"minecraft:crouch_one_cm":6885,"minecraft:play_time":51431,"minecraft:deaths":1,"minecraft:sneak_time":1598,"minecraft:walk_under_water_one_cm":1185,"minecraft:boat_one_cm":59340,"minecraft:jump":1031,"minecraft:walk_on_water_one_cm":1579,"minecraft:total_world_time":51431,"minecraft:fall_one_cm":40760},"minecraft:dropped":{"minecraft:wheat_seeds":2,"minecraft:bow":1,"minecraft:bone":2},"minecraft:picked_up":{"minecraft:crafting_table":5,"minecraft:jungle_boat":2,"minecraft:feather":4,"minecraft:chicken":2,"minecraft:jungle_log":21,"minecraft:leather":5,"minecraft:oak_log":40,"minecraft:brewing_stand":1,"minecraft:dirt":11,"minecraft:bone":2,"minecraft:kelp":34,"minecraft:bow":1,"minecraft:wheat_seeds":9,"minecraft:beef":4,"minecraft:bamboo":50,"minecraft:melon_slice":28,"minecraft:oak_planks":2,"minecraft:egg":1,"minecraft:stick":3,"minecraft:porkchop":6,"minecraft:sand":1,"minecraft:rotten_flesh":3,"minecraft:hay_block":17,"minecraft:oak_sapling":8,"minecraft:mutton":2,"minecraft:cobblestone":22,"minecraft:coal":20,"minecraft:white_wool":1},"minecraft:used":{"minecraft:stone_pickaxe":38,"minecraft:oak_planks":98,"minecraft:wooden_pickaxe":6,"minecraft:jungle_boat":2,"minecraft:sand":1,"minecraft:mutton":2,"minecraft:crafting_table":6,"minecraft:wooden_axe":34,"minecraft:melon_slice":28,"minecraft:chicken":2,"minecraft:bread":3,"minecraft:jungle_log":4,"minecraft:stone_axe":74,"minecraft:cobblestone":5,"minecraft:beef":4,"minecraft:oak_sapling":8,"minecraft:egg":1},"minecraft:crafted":{"minecraft:oak_planks":104,"minecraft:crafting_table":2,"minecraft:jungle_boat":1,"minecraft:wooden_pickaxe":2,"minecraft:stone_axe":1,"minecraft:bread":39,"minecraft:jungle_planks":28,"minecraft:stick":12,"minecraft:stone_pickaxe":1,"minecraft:wooden_axe":2,"minecraft:wheat":117},"minecraft:killed":{"minecraft:pig":3,"minecraft:spider":1,"minecraft:sheep":1,"minecraft:skeleton":2,"minecraft:zombie":2,"minecraft:chicken":2,"minecraft:cow":4},"minecraft:killed_by":{"minecraft:witch":1},"minecraft:mined":{"minecraft:brewing_stand":1,"minecraft:crafting_table":5,"minecraft:grass_block":6,"minecraft:melon":5,"minecraft:jungle_log":21,"minecraft:tall_grass":7,"minecraft:oak_planks":2,"minecraft:hay_block":18,"minecraft:birch_leaves":1,"minecraft:grass":24,"minecraft:oak_log":37,"minecraft:coal_ore":20,"minecraft:vine":2,"minecraft:sand":1,"minecraft:dirt":6,"minecraft:bamboo":4,"minecraft:stone":22,"minecraft:oak_leaves":11,"minecraft:fern":5}},"DataVersion":3337}