{"stats":{"minecraft:crafted":{"minecraft:oak_planks":32,"minecraft:furnace":1,"minecraft:iron_boots":2,"minecraft:stone_pickaxe":1,"minecraft:raw_iron_block":11,"minecraft:crafting_table":4,"minecraft:wooden_pickaxe":1,"minecraft:iron_helmet":2,"minecraft:stone_axe":1,"minecraft:air":0,"minecraft:oak_boat":1,"minecraft:iron_chestplate":2,"minecraft:shield":2,"minecraft:stick":8,"minecraft:iron_ingot":34,"minecraft:iron_pickaxe":1,"minecraft:iron_leggings":2},"minecraft:dropped":{"minecraft:enchanted_book":1,"minecraft:bread":6,"minecraft:birch_planks":3,"minecraft:wheat_seeds":1,"minecraft:clock":1,"minecraft:tnt":2,"minecraft:diamond":21,"minecraft:golden_pickaxe":1,"minecraft:mossy_cobblestone":1,"minecraft:ender_pearl":1,"minecraft:crafting_table":1,"minecraft:smithing_table":1,"minecraft:iron_helmet":1,"minecraft:jungle_fence":2,"minecraft:cobbled_deepslate_wall":2,"minecraft:crossbow":11,"minecraft:book":1,"minecraft:leather":3,"minecraft:apple":1,"minecraft:jungle_planks":7,"minecraft:saddle":2,"minecraft:coal":14,"minecraft:emerald":12,"minecraft:stick":9,"minecraft:music_disc_13":1,"minecraft:potion":1,"minecraft:iron_leggings":1,"minecraft:iron_axe":1,"minecraft:iron_pickaxe":1,"minecraft:chainmail_leggings":3,"minecraft:string":2,"minecraft:dark_oak_planks":2,"minecraft:spruce_sapling":1,"minecraft:bone":1,"minecraft:redstone":59,"minecraft:gravel":4,"minecraft:furnace":1,"minecraft:stone_axe":3,"minecraft:kelp":1,"minecraft:iron_nugget":6,"minecraft:cobbled_deepslate":2,"minecraft:raw_copper":34,"minecraft:tuff":29,"minecraft:experience_bottle":4,"minecraft:obsidian":1,"minecraft:rotten_flesh":6,"minecraft:iron_boots":2,"minecraft:blast_furnace":1,"minecraft:gunpowder":3,"minecraft:spruce_planks":22,"minecraft:iron_chestplate":1,"minecraft:chainmail_boots":1,"minecraft:oak_sapling":3,"minecraft:spider_eye":2,"minecraft:slime_ball":1,"minecraft:arrow":6,"minecraft:stone_pickaxe":1,"minecraft:raw_gold":9,"minecraft:globe_banner_pattern":2,"minecraft:bell":1,"minecraft:brick":193},"minecraft:broken":{"minecraft:iron_chestplate":1,"minecraft:golden_leggings":1,"minecraft:iron_axe":1,"minecraft:iron_sword":1,"minecraft:iron_helmet":1},"minecraft:mined":{"minecraft:dark_oak_planks":3,"minecraft:tuff":5,"minecraft:spruce_planks":6,"minecraft:mossy_cobblestone":4,"minecraft:jungle_slab":1,"minecraft:brewing_stand":8,"minecraft:dark_oak_fence":1,"minecraft:grass_block":2,"minecraft:decorated_pot":54,"minecraft:jungle_planks":7,"minecraft:deepslate_bricks":1,"minecraft:hopper":1,"minecraft:large_fern":2,"minecraft:hay_block":35,"minecraft:raw_iron_block":8,"minecraft:furnace":4,"minecraft:raw_gold_block":2,"minecraft:fire":10,"minecraft:cobbled_deepslate":4,"minecraft:andesite":3,"minecraft:bookshelf":30,"minecraft:iron_bars":1,"minecraft:deepslate_brick_stairs":1,"minecraft:stone":65,"minecraft:smithing_table":1,"minecraft:redstone_block":1,"minecraft:crafting_table":7,"minecraft:cobbled_deepslate_wall":1,"minecraft:short_grass":33,"minecraft:diorite":6,"minecraft:birch_planks":1,"minecraft:sweet_berry_bush":1,"minecraft:jungle_fence":2,"minecraft:red_wall_banner":3,"minecraft:oak_log":14,"minecraft:dirt":8,"minecraft:oak_leaves":2,"minecraft:deepslate":57,"minecraft:fern":1},"minecraft:used":{"minecraft:spruce_planks":31,"minecraft:shield":49,"minecraft:iron_sword":277,"minecraft:cooked_chicken":5,"minecraft:iron_chestplate":2,"minecraft:brewing_stand":4,"minecraft:dirt":10,"minecraft:spyglass":4,"minecraft:iron_axe":266,"minecraft:iron_helmet":2,"minecraft:iron_boots":5,"minecraft:golden_carrot":3,"minecraft:furnace":4,"minecraft:cooked_beef":12,"minecraft:cobbled_deepslate":71,"minecraft:iron_leggings":6,"minecraft:cooked_mutton":2,"minecraft:water_bucket":29,"minecraft:diorite":6,"minecraft:stone_pickaxe":10,"minecraft:baked_potato":23,"minecraft:oak_planks":1,"minecraft:wooden_pickaxe":10,"minecraft:golden_apple":1,"minecraft:mossy_cobblestone":3,"minecraft:crafting_table":7,"minecraft:crossbow":1,"minecraft:bread":1,"minecraft:iron_pickaxe":166,"minecraft:golden_leggings":1,"minecraft:stone_axe":27,"minecraft:cobblestone":49,"minecraft:chainmail_boots":1,"minecraft:cooked_porkchop":12,"minecraft:bucket":30,"minecraft:andesite":1,"minecraft:oak_boat":5,"minecraft:experience_bottle":23},"minecraft:picked_up":{"minecraft:crafting_table":11,"minecraft:iron_chestplate":9,"minecraft:chainmail_boots":4,"minecraft:golden_pickaxe":2,"minecraft:smithing_table":1,"minecraft:enchanted_book":7,"minecraft:potion":1,"minecraft:brewing_stand":20,"minecraft:brick":169,"minecraft:shield":7,"minecraft:string":2,"minecraft:iron_axe":9,"minecraft:raw_copper":51,"minecraft:globe_banner_pattern":2,"minecraft:flint_and_steel":7,"minecraft:iron_leggings":6,"minecraft:experience_bottle":13,"minecraft:cobbled_deepslate":73,"minecraft:spruce_planks":166,"minecraft:trial_key":6,"minecraft:oak_boat":12,"minecraft:iron_nugget":171,"minecraft:iron_pickaxe":16,"minecraft:iron_boots":4,"minecraft:furnace":8,"minecraft:stick":18,"minecraft:raw_iron":636,"minecraft:copper_ingot":3,"minecraft:diorite":6,"minecraft:carrot":258,"minecraft:redstone":195,"minecraft:dark_oak_planks":2,"minecraft:arrow":18,"minecraft:rotten_flesh":6,"minecraft:hay_block":130,"minecraft:gold_ingot":105,"minecraft:saddle":22,"minecraft:totem_of_undying":1,"minecraft:obsidian":3,"minecraft:skeleton_skull":1,"minecraft:cobblestone":63,"minecraft:clock":2,"minecraft:cooked_beef":7,"minecraft:water_bucket":8,"minecraft:andesite":1,"minecraft:leather":3,"minecraft:golden_leggings":4,"minecraft:jungle_fence":4,"minecraft:potato":16,"minecraft:birch_planks":3,"minecraft:tuff":29,"minecraft:oak_log":48,"minecraft:dirt":10,"minecraft:lapis_lazuli":501,"minecraft:name_tag":4,"minecraft:cooked_mutton":2,"minecraft:bone":35,"minecraft:apple":1,"minecraft:kelp":1,"minecraft:cobbled_deepslate_wall":5,"minecraft:wheat_seeds":1,"minecraft:raw_gold":45,"minecraft:iron_ingot":224,"minecraft:stone_pickaxe":3,"minecraft:cooked_chicken":6,"minecraft:bamboo":32,"minecraft:oak_planks":9,"minecraft:iron_sword":3,"minecraft:book":427,"minecraft:cooked_porkchop":146,"minecraft:music_disc_13":4,"minecraft:spyglass":4,"minecraft:raw_iron_block":79,"minecraft:gravel":4,"minecraft:jungle_planks":12,"minecraft:spruce_sapling":2,"minecraft:red_banner":9,"minecraft:blast_furnace":2,"minecraft:spider_eye":3,"minecraft:mossy_cobblestone":4,"minecraft:slime_ball":8,"minecraft:diamond":242,"minecraft:stone_axe":9,"minecraft:chainmail_leggings":6,"minecraft:iron_helmet":5,"minecraft:crossbow":15,"minecraft:golden_apple":7,"minecraft:bread":265,"minecraft:emerald":236,"minecraft:baked_potato":56,"minecraft:oak_sapling":3,"minecraft:coal":499},"minecraft:killed_by":{"minecraft:player":2,"minecraft:vindicator":9,"minecraft:vex":1},"minecraft:killed":{"minecraft:evoker":1,"minecraft:vex":1,"minecraft:witch":2,"minecraft:vindicator":17,"minecraft:spider":12,"minecraft:slime":3,"minecraft:skeleton":24,"minecraft:silverfish":3,"minecraft:drowned":1,"minecraft:pig":3,"minecraft:ravager":1,"minecraft:sheep":2,"minecraft:pillager":32,"minecraft:zombie":20},"minecraft:custom":{"minecraft:mob_kills":134,"minecraft:interact_with_crafting_table":28,"minecraft:open_barrel":19,"minecraft:leave_game":43,"minecraft:time_since_death":10152,"minecraft:climb_one_cm":10132,"minecraft:sprint_one_cm":395348,"minecraft:walk_one_cm":366164,"minecraft:damage_blocked_by_shield":1658,"minecraft:drop":135,"minecraft:talked_to_villager":2,"minecraft:play_time":179089,"minecraft:deaths":20,"minecraft:sneak_time":12914,"minecraft:walk_under_water_one_cm":53274,"minecraft:boat_one_cm":245508,"minecraft:jump":2107,"minecraft:interact_with_brewingstand":2,"minecraft:interact_with_blast_furnace":1,"minecraft:walk_on_water_one_cm":46675,"minecraft:total_world_time":179089,"minecraft:interact_with_furnace":28,"minecraft:sleep_in_bed":1,"minecraft:time_since_rest":10178,"minecraft:damage_taken":10271,"minecraft:damage_absorbed":40,"minecraft:damage_dealt":26484,"minecraft:player_kills":3,"minecraft:swim_one_cm":129421,"minecraft:fly_one_cm":583926,"minecraft:open_chest":109,"minecraft:crouch_one_cm":34058,"minecraft:fall_one_cm":155140}},"DataVersion":3955}