{"stats":{"minecraft:custom":{"minecraft:mob_kills":107,"minecraft:interact_with_anvil":9,"minecraft:inspect_hopper":1,"minecraft:interact_with_crafting_table":44,"minecraft:leave_game":36,"minecraft:time_since_death":4232,"minecraft:climb_one_cm":1975,"minecraft:sprint_one_cm":470307,"minecraft:walk_one_cm":480887,"minecraft:damage_blocked_by_shield":435,"minecraft:drop":154,"minecraft:talked_to_villager":4,"minecraft:play_time":227357,"minecraft:deaths":7,"minecraft:sneak_time":8869,"minecraft:walk_under_water_one_cm":19993,"minecraft:boat_one_cm":73634,"minecraft:jump":3696,"minecraft:walk_on_water_one_cm":38291,"minecraft:total_world_time":227357,"minecraft:interact_with_furnace":72,"minecraft:time_since_rest":4338,"minecraft:damage_taken":8307,"minecraft:damage_dealt":24680,"minecraft:swim_one_cm":63984,"minecraft:fly_one_cm":707673,"minecraft:player_kills":1,"minecraft:open_chest":32,"minecraft:crouch_one_cm":28547,"minecraft:fall_one_cm":115615,"minecraft:inspect_dispenser":1},"minecraft:dropped":{"minecraft:enchanted_book":4,"minecraft:water_bucket":1,"minecraft:iron_ingot":137,"minecraft:iron_sword":2,"minecraft:porkchop":1,"minecraft:wheat_seeds":24,"minecraft:diamond_axe":1,"minecraft:crafting_table":1,"minecraft:oak_fence":4,"minecraft:prismarine_shard":8,"minecraft:feather":4,"minecraft:cobblestone":47,"minecraft:lead":10,"minecraft:apple":5,"minecraft:honeycomb":9,"minecraft:jungle_planks":1,"minecraft:tropical_fish":6,"minecraft:flint":5,"minecraft:stick":3137,"minecraft:diorite":3,"minecraft:iron_leggings":1,"minecraft:red_dye":14,"minecraft:iron_pickaxe":4,"minecraft:iron_shovel":1,"minecraft:string":1,"minecraft:fishing_rod":1,"minecraft:bucket":3,"minecraft:bone":18,"minecraft:dandelion":1,"minecraft:stone_axe":2,"minecraft:furnace":2,"minecraft:sweet_berries":2,"minecraft:kelp":156,"minecraft:oak_trapdoor":1,"minecraft:player_head":4,"minecraft:raw_copper":10,"minecraft:wheat":4,"minecraft:rotten_flesh":14,"minecraft:iron_boots":1,"minecraft:oak_sign":1,"minecraft:shears":3,"minecraft:poppy":7,"minecraft:gunpowder":16,"minecraft:iron_chestplate":3,"minecraft:oak_sapling":2,"minecraft:bow":3,"minecraft:arrow":1,"minecraft:wooden_pickaxe":1,"minecraft:stone_pickaxe":1},"minecraft:picked_up":{"minecraft:wooden_axe":1,"minecraft:fishing_rod":1,"minecraft:iron_chestplate":7,"minecraft:crafting_table":13,"minecraft:wheat":4,"minecraft:chicken":5,"minecraft:prismarine_shard":8,"minecraft:lead":19,"minecraft:enchanted_book":9,"minecraft:brewing_stand":2,"minecraft:shield":4,"minecraft:string":4,"minecraft:oak_trapdoor":3,"minecraft:raw_copper":10,"minecraft:iron_axe":4,"minecraft:flint_and_steel":1,"minecraft:iron_leggings":5,"minecraft:iron_shovel":4,"minecraft:oak_sign":2,"minecraft:cobbled_deepslate":47,"minecraft:bucket":4,"minecraft:beef":5,"minecraft:red_dye":14,"minecraft:oak_boat":1,"minecraft:cobblestone_slab":13,"minecraft:player_head":4,"minecraft:poppy":22,"minecraft:iron_pickaxe":10,"minecraft:melon_slice":28,"minecraft:sugar_cane":2,"minecraft:egg":1,"minecraft:iron_boots":5,"minecraft:furnace":3,"minecraft:stick":2514,"minecraft:raw_iron":197,"minecraft:jungle_door":7,"minecraft:oak_fence":3,"minecraft:torch":45,"minecraft:porkchop":17,"minecraft:diorite":11,"minecraft:carrot":36,"minecraft:redstone":237,"minecraft:zombie_spawn_egg":1,"minecraft:arrow":14,"minecraft:rotten_flesh":76,"minecraft:tropical_fish":8,"minecraft:golden_hoe":1,"minecraft:shears":4,"minecraft:hay_block":21,"minecraft:gold_ingot":6,"minecraft:mutton":7,"minecraft:cod":4,"minecraft:white_wool":3,"minecraft:cobblestone":209,"minecraft:jungle_boat":4,"minecraft:feather":14,"minecraft:cooked_beef":1,"minecraft:jungle_log":23,"minecraft:andesite":6,"minecraft:water_bucket":1,"minecraft:salmon":7,"minecraft:leather":12,"minecraft:potato":2,"minecraft:flint":11,"minecraft:tuff":8,"minecraft:oak_log":147,"minecraft:gunpowder":21,"minecraft:lapis_lazuli":213,"minecraft:dirt":548,"minecraft:bone":25,"minecraft:apple":2,"minecraft:kelp":212,"minecraft:bow":3,"minecraft:wheat_seeds":46,"minecraft:iron_ingot":167,"minecraft:stone_pickaxe":1,"minecraft:bamboo":72,"minecraft:iron_sword":2,"minecraft:honeycomb":12,"minecraft:oak_planks":198,"minecraft:book":1,"minecraft:oak_slab":7,"minecraft:cooked_porkchop":8,"minecraft:sweet_berries":2,"minecraft:dandelion":3,"minecraft:dripstone_block":3,"minecraft:gravel":2,"minecraft:lava_bucket":2,"minecraft:sand":1,"minecraft:jungle_planks":1,"minecraft:diamond":16,"minecraft:stone_axe":2,"minecraft:iron_helmet":4,"minecraft:granite":12,"minecraft:diamond_axe":1,"minecraft:golden_apple":1,"minecraft:gray_wool":2,"minecraft:emerald":2,"minecraft:bread":29,"minecraft:oak_sapling":21,"minecraft:coal":88},"minecraft:used":{"minecraft:iron_shovel":780,"minecraft:oak_sign":2,"minecraft:chest":1,"minecraft:shield":17,"minecraft:zombie_spawn_egg":1,"minecraft:rotten_flesh":3,"minecraft:torch":28,"minecraft:anvil":1,"minecraft:dirt":310,"minecraft:mutton":2,"minecraft:carrot":6,"minecraft:tuff":6,"minecraft:granite":12,"minecraft:wooden_axe":34,"minecraft:lava_bucket":54,"minecraft:iron_axe":316,"minecraft:jungle_log":4,"minecraft:bamboo":22,"minecraft:beef":4,"minecraft:furnace":5,"minecraft:oak_sapling":19,"minecraft:egg":1,"minecraft:cooked_beef":1,"minecraft:cobbled_deepslate":47,"minecraft:water_bucket":9,"minecraft:diorite":6,"minecraft:stone_pickaxe":131,"minecraft:oak_planks":249,"minecraft:wooden_pickaxe":6,"minecraft:cobblestone_slab":10,"minecraft:jungle_boat":3,"minecraft:salmon":6,"minecraft:sand":1,"minecraft:crafting_table":11,"minecraft:cod":4,"minecraft:apple":1,"minecraft:bread":48,"minecraft:iron_pickaxe":378,"minecraft:chicken":2,"minecraft:melon_slice":28,"minecraft:gravel":2,"minecraft:stone_axe":103,"minecraft:cobblestone":53,"minecraft:cooked_porkchop":4,"minecraft:jungle_door":4,"minecraft:bucket":65,"minecraft:andesite":6,"minecraft:oak_boat":2},"minecraft:crafted":{"minecraft:oak_planks":252,"minecraft:cobblestone_slab":6,"minecraft:furnace":5,"minecraft:iron_boots":2,"minecraft:iron_axe":4,"minecraft:stone_pickaxe":1,"minecraft:chest":1,"minecraft:wheat":153,"minecraft:red_dye":11,"minecraft:crafting_table":4,"minecraft:jungle_boat":1,"minecraft:wooden_pickaxe":2,"minecraft:iron_helmet":2,"minecraft:bucket":1,"minecraft:stone_axe":1,"minecraft:bread":51,"minecraft:air":0,"minecraft:jungle_planks":48,"minecraft:oak_boat":1,"minecraft:jungle_door":3,"minecraft:iron_chestplate":2,"minecraft:yellow_dye":2,"minecraft:shield":1,"minecraft:stick":28,"minecraft:iron_ingot":121,"minecraft:iron_pickaxe":3,"minecraft:wooden_axe":2,"minecraft:iron_block":3,"minecraft:iron_shovel":3,"minecraft:iron_leggings":1,"minecraft:anvil":1,"minecraft:torch":32},"minecraft:killed":{"minecraft:spider":7,"minecraft:horse":5,"minecraft:skeleton":14,"minecraft:chicken":5,"minecraft:pig":7,"minecraft:zombie_villager":1,"minecraft:iron_golem":8,"minecraft:creeper":6,"minecraft:sheep":5,"minecraft:zombie":37,"minecraft:villager":1,"minecraft:cow":5},"minecraft:killed_by":{"minecraft:player":1,"minecraft:iron_golem":1,"minecraft:skeleton":1,"minecraft:witch":1,"minecraft:zombie":1},"minecraft:mined":{"minecraft:tuff":7,"minecraft:oak_sapling":1,"minecraft:deepslate_diamond_ore":10,"minecraft:brewing_stand":1,"minecraft:granite":12,"minecraft:grass_block":248,"minecraft:jungle_log":21,"minecraft:spruce_leaves":5,"minecraft:kelp":21,"minecraft:hay_block":18,"minecraft:tall_seagrass":3,"minecraft:oak_trapdoor":1,"minecraft:carrots":5,"minecraft:furnace":2,"minecraft:iron_ore":52,"minecraft:cobbled_deepslate":1,"minecraft:andesite":9,"minecraft:deepslate_lapis_ore":21,"minecraft:vine":2,"minecraft:cobblestone_slab":6,"minecraft:deepslate_iron_ore":93,"minecraft:dirt_path":7,"minecraft:bamboo":4,"minecraft:stone":143,"minecraft:deepslate_redstone_ore":44,"minecraft:oak_slab":3,"minecraft:jungle_door":3,"minecraft:kelp_plant":82,"minecraft:dandelion":4,"minecraft:oak_fence":2,"minecraft:crafting_table":9,"minecraft:torch":6,"minecraft:melon":5,"minecraft:cobblestone":17,"minecraft:tall_grass":15,"minecraft:copper_ore":3,"minecraft:deepslate_gold_ore":2,"minecraft:sugar_cane":1,"minecraft:oak_planks":11,"minecraft:diorite":6,"minecraft:wall_torch":2,"minecraft:sweet_berry_bush":1,"minecraft:wheat":3,"minecraft:birch_leaves":1,"minecraft:grass":172,"minecraft:coal_ore":42,"minecraft:oak_log":72,"minecraft:sand":1,"minecraft:dirt":69,"minecraft:oak_leaves":41,"minecraft:deepslate":40,"minecraft:fern":5},"minecraft:broken":{"minecraft:iron_shovel":2,"minecraft:stone_pickaxe":1,"minecraft:iron_axe":2,"minecraft:iron_pickaxe":1}},"DataVersion":3337}