{"stats":{"minecraft:killed":{"minecraft:spider":16,"minecraft:cod":6,"minecraft:shulker":12,"minecraft:skeleton":32,"minecraft:chicken":13,"minecraft:silverfish":6,"minecraft:pig":26,"minecraft:zombie_villager":3,"minecraft:iron_golem":11,"minecraft:ender_dragon":1,"minecraft:creeper":15,"minecraft:sheep":16,"minecraft:zombie":121,"minecraft:cow":16,"minecraft:phantom":8,"minecraft:horse":8,"minecraft:villager":1,"minecraft:enderman":11},"minecraft:used":{"minecraft:iron_shovel":1281,"minecraft:oak_sign":11,"minecraft:chest":29,"minecraft:shield":39,"minecraft:iron_sword":197,"minecraft:zombie_spawn_egg":1,"minecraft:rotten_flesh":10,"minecraft:mutton":2,"minecraft:carrot":6,"minecraft:tuff":11,"minecraft:obsidian":6,"minecraft:lava_bucket":82,"minecraft:stone_bricks":3,"minecraft:bow":45,"minecraft:furnace":6,"minecraft:oak_sapling":19,"minecraft:cooked_cod":7,"minecraft:egg":1,"minecraft:potato":1,"minecraft:diorite":8,"minecraft:end_stone_bricks":1,"minecraft:diamond_boots":1,"minecraft:stone_pickaxe":238,"minecraft:oak_planks":255,"minecraft:ender_pearl":4,"minecraft:wooden_pickaxe":6,"minecraft:diamond_axe":301,"minecraft:purpur_pillar":1,"minecraft:jungle_boat":3,"minecraft:sand":1,"minecraft:shears":224,"minecraft:end_stone":347,"minecraft:lever":11,"minecraft:bread":48,"minecraft:melon_slice":28,"minecraft:string":72,"minecraft:gravel":2,"minecraft:diamond_sword":423,"minecraft:andesite":6,"minecraft:oak_boat":27,"minecraft:oak_trapdoor":41,"minecraft:redstone":1,"minecraft:dried_kelp":1,"minecraft:cooked_chicken":8,"minecraft:oak_door":2,"minecraft:torch":79,"minecraft:brewing_stand":1,"minecraft:dirt":605,"minecraft:anvil":1,"minecraft:hopper":21,"minecraft:diamond_helmet":1,"minecraft:shulker_box":2,"minecraft:granite":16,"minecraft:wooden_axe":34,"minecraft:iron_axe":375,"minecraft:jungle_log":4,"minecraft:iron_boots":1,"minecraft:barrel":4,"minecraft:bamboo":22,"minecraft:diamond_chestplate":2,"minecraft:tripwire_hook":14,"minecraft:beef":4,"minecraft:cooked_beef":11,"minecraft:cobbled_deepslate":386,"minecraft:iron_leggings":1,"minecraft:cooked_mutton":6,"minecraft:water_bucket":309,"minecraft:cobblestone_slab":16,"minecraft:cracked_stone_bricks":1,"minecraft:salmon":6,"minecraft:crafting_table":13,"minecraft:white_bed":4,"minecraft:cod":4,"minecraft:oak_log":8,"minecraft:ender_eye":9,"minecraft:apple":1,"minecraft:diamond_pickaxe":1018,"minecraft:diamond_shovel":722,"minecraft:chicken":2,"minecraft:oak_button":6,"minecraft:iron_pickaxe":570,"minecraft:spruce_sapling":1,"minecraft:stone_axe":103,"minecraft:cobblestone":165,"minecraft:potion":2,"minecraft:cooked_porkchop":46,"minecraft:jungle_door":4,"minecraft:bucket":395,"minecraft:yellow_bed":10,"minecraft:dandelion":3,"minecraft:diamond_leggings":1},"minecraft:dropped":{"minecraft:iron_sword":5,"minecraft:porkchop":1,"minecraft:diamond_axe":2,"minecraft:glass_bottle":6,"minecraft:crafting_table":1,"minecraft:honeycomb":15,"minecraft:leather":1,"minecraft:jungle_planks":1,"minecraft:cracked_stone_bricks":2,"minecraft:flint":5,"minecraft:dirt":6,"minecraft:grass":2,"minecraft:cornflower":1,"minecraft:stripped_oak_wood":1,"minecraft:iron_pickaxe":4,"minecraft:fishing_rod":1,"minecraft:bone":18,"minecraft:stone_axe":2,"minecraft:wheat":4,"minecraft:rotten_flesh":25,"minecraft:oak_planks":1,"minecraft:poppy":8,"minecraft:gunpowder":18,"minecraft:iron_bars":11,"minecraft:arrow":4,"minecraft:enchanted_book":5,"minecraft:water_bucket":1,"minecraft:iron_ingot":137,"minecraft:wheat_seeds":29,"minecraft:feather":4,"minecraft:prismarine_shard":16,"minecraft:oak_fence":6,"minecraft:iron_helmet":1,"minecraft:cobblestone":71,"minecraft:lead":10,"minecraft:apple":6,"minecraft:tropical_fish":6,"minecraft:stick":5122,"minecraft:diorite":3,"minecraft:jungle_door":3,"minecraft:iron_leggings":3,"minecraft:red_dye":21,"minecraft:iron_shovel":3,"minecraft:string":1,"minecraft:bucket":3,"minecraft:dandelion":1,"minecraft:furnace":3,"minecraft:kelp":158,"minecraft:sweet_berries":2,"minecraft:oak_trapdoor":1,"minecraft:player_head":5,"minecraft:raw_copper":10,"minecraft:raw_iron":3,"minecraft:iron_boots":2,"minecraft:oak_sign":1,"minecraft:shears":5,"minecraft:oak_button":3,"minecraft:iron_chestplate":4,"minecraft:oak_sapling":2,"minecraft:stone_bricks":1,"minecraft:bow":4,"minecraft:stone_pickaxe":3,"minecraft:wooden_pickaxe":1},"minecraft:custom":{"minecraft:interact_with_crafting_table":96,"minecraft:open_shulker_box":9,"minecraft:leave_game":55,"minecraft:time_since_death":197587,"minecraft:sprint_one_cm":1219244,"minecraft:damage_blocked_by_shield":2400,"minecraft:drop":245,"minecraft:talked_to_villager":10,"minecraft:play_time":698146,"minecraft:deaths":13,"minecraft:jump":9780,"minecraft:walk_on_water_one_cm":131191,"minecraft:interact_with_furnace":141,"minecraft:damage_dealt":66843,"minecraft:player_kills":1,"minecraft:crouch_one_cm":95992,"minecraft:inspect_dispenser":4,"minecraft:mob_kills":345,"minecraft:interact_with_anvil":26,"minecraft:inspect_hopper":8,"minecraft:climb_one_cm":2359,"minecraft:walk_one_cm":1272145,"minecraft:sneak_time":28347,"minecraft:walk_under_water_one_cm":91275,"minecraft:boat_one_cm":283646,"minecraft:total_world_time":698146,"minecraft:time_since_rest":197607,"minecraft:damage_absorbed":10240,"minecraft:damage_taken":52117,"minecraft:swim_one_cm":146612,"minecraft:fly_one_cm":2249246,"minecraft:open_chest":279,"minecraft:fall_one_cm":736620},"minecraft:killed_by":{"minecraft:creeper":1,"minecraft:witch":1,"minecraft:zombie":1,"minecraft:player":2,"minecraft:iron_golem":2,"minecraft:skeleton":1},"minecraft:mined":{"minecraft:white_bed":4,"minecraft:oak_sapling":2,"minecraft:brewing_stand":2,"minecraft:obsidian":6,"minecraft:granite":19,"minecraft:grass_block":811,"minecraft:jungle_log":21,"minecraft:purpur_slab":2,"minecraft:hopper":19,"minecraft:oak_wall_sign":1,"minecraft:spawner":1,"minecraft:tall_seagrass":3,"minecraft:fire":3,"minecraft:iron_ore":52,"minecraft:barrel":1,"minecraft:cobbled_deepslate":174,"minecraft:pumpkin":3,"minecraft:deepslate_lapis_ore":31,"minecraft:oak_sign":2,"minecraft:dirt_path":41,"minecraft:end_stone_bricks":4,"minecraft:tripwire":7,"minecraft:deepslate_redstone_ore":242,"minecraft:jungle_door":3,"minecraft:kelp_plant":84,"minecraft:torch":11,"minecraft:melon":5,"minecraft:chest":20,"minecraft:cobblestone":21,"minecraft:sugar_cane":5,"minecraft:oak_planks":14,"minecraft:wall_torch":6,"minecraft:seagrass":1,"minecraft:wheat":3,"minecraft:stripped_oak_wood":1,"minecraft:purpur_block":2,"minecraft:grass":432,"minecraft:oak_log":90,"minecraft:sand":2,"minecraft:dirt":539,"minecraft:tripwire_hook":12,"minecraft:oak_leaves":243,"minecraft:deepslate":269,"minecraft:diamond_ore":2,"minecraft:tuff":50,"minecraft:deepslate_diamond_ore":38,"minecraft:end_stone":386,"minecraft:shulker_box":2,"minecraft:lever":6,"minecraft:spruce_leaves":10,"minecraft:kelp":21,"minecraft:hay_block":18,"minecraft:redstone_ore":11,"minecraft:oak_trapdoor":45,"minecraft:furnace":2,"minecraft:carrots":5,"minecraft:andesite":10,"minecraft:bookshelf":161,"minecraft:cobblestone_slab":12,"minecraft:deepslate_iron_ore":95,"minecraft:vine":2,"minecraft:bamboo":4,"minecraft:stone":270,"minecraft:oak_slab":3,"minecraft:magenta_stained_glass":2,"minecraft:dandelion":15,"minecraft:oak_fence":21,"minecraft:crafting_table":11,"minecraft:purpur_pillar":1,"minecraft:copper_ore":3,"minecraft:tall_grass":49,"minecraft:deepslate_gold_ore":2,"minecraft:lapis_ore":12,"minecraft:diorite":8,"minecraft:sweet_berry_bush":1,"minecraft:birch_leaves":1,"minecraft:bee_nest":1,"minecraft:yellow_bed":10,"minecraft:coal_ore":54,"minecraft:cobweb":9,"minecraft:cracked_stone_bricks":1,"minecraft:stone_bricks":1,"minecraft:fern":5},"minecraft:picked_up":{"minecraft:shulker_shell":6,"minecraft:iron_chestplate":10,"minecraft:wheat":4,"minecraft:prismarine_shard":32,"minecraft:lead":25,"minecraft:diamond_sword":1,"minecraft:potion":2,"minecraft:enchanted_book":15,"minecraft:brewing_stand":3,"minecraft:string":94,"minecraft:raw_copper":10,"minecraft:iron_leggings":9,"minecraft:oak_sign":12,"minecraft:diamond_leggings":1,"minecraft:cobbled_deepslate":530,"minecraft:bucket":4,"minecraft:red_dye":28,"minecraft:cobblestone_slab":19,"minecraft:ender_eye":4,"minecraft:iron_pickaxe":15,"minecraft:melon_slice":28,"minecraft:iron_boots":9,"minecraft:furnace":6,"minecraft:stick":3824,"minecraft:jungle_door":10,"minecraft:oak_fence":89,"minecraft:torch":71,"minecraft:purpur_pillar":1,"minecraft:porkchop":21,"minecraft:dried_kelp":3,"minecraft:diorite":13,"minecraft:zombie_spawn_egg":1,"minecraft:rotten_flesh":209,"minecraft:tropical_fish":8,"minecraft:obsidian":6,"minecraft:iron_bars":11,"minecraft:cod":9,"minecraft:cobblestone":438,"minecraft:birch_log":1,"minecraft:feather":21,"minecraft:cooked_beef":27,"minecraft:jungle_log":23,"minecraft:water_bucket":4,"minecraft:andesite":9,"minecraft:brown_wool":1,"minecraft:potato":4,"minecraft:flint":11,"minecraft:tuff":97,"minecraft:lapis_lazuli":540,"minecraft:dirt":1762,"minecraft:bone":56,"minecraft:bow":3,"minecraft:wheat_seeds":85,"minecraft:diamond_helmet":1,"minecraft:bamboo":72,"minecraft:honeycomb":18,"minecraft:oak_planks":207,"minecraft:cooked_porkchop":42,"minecraft:jungle_planks":1,"minecraft:sand":2,"minecraft:shulker_box":2,"minecraft:barrel":1,"minecraft:diamond":89,"minecraft:lever":10,"minecraft:granite":23,"minecraft:grass":4,"minecraft:golden_apple":1,"minecraft:emerald":2,"minecraft:bread":29,"minecraft:oak_sapling":23,"minecraft:oak_leaves":200,"minecraft:diamond_pickaxe":3,"minecraft:end_stone_bricks":4,"minecraft:fishing_rod":1,"minecraft:crafting_table":18,"minecraft:chicken":5,"minecraft:purpur_block":2,"minecraft:shield":7,"minecraft:cornflower":5,"minecraft:oak_trapdoor":58,"minecraft:elytra":1,"minecraft:iron_axe":4,"minecraft:flint_and_steel":1,"minecraft:iron_shovel":9,"minecraft:cracked_stone_bricks":3,"minecraft:beef":5,"minecraft:oak_boat":30,"minecraft:player_head":5,"minecraft:poppy":42,"minecraft:light_gray_wool":2,"minecraft:sugar_cane":10,"minecraft:chest":22,"minecraft:phantom_membrane":19,"minecraft:egg":1,"minecraft:raw_iron":200,"minecraft:end_stone":405,"minecraft:carrot":37,"minecraft:redstone":1535,"minecraft:arrow":242,"minecraft:diamond_chestplate":1,"minecraft:golden_hoe":1,"minecraft:shears":10,"minecraft:diamond_boots":1,"minecraft:purpur_slab":2,"minecraft:hay_block":21,"minecraft:gold_ingot":6,"minecraft:mutton":11,"minecraft:white_wool":12,"minecraft:oxeye_daisy":1,"minecraft:jungle_boat":4,"minecraft:tripwire_hook":11,"minecraft:salmon":7,"minecraft:leather":32,"minecraft:oak_log":200,"minecraft:yellow_bed":10,"minecraft:gunpowder":42,"minecraft:cooked_mutton":30,"minecraft:apple":3,"minecraft:stone_bricks":5,"minecraft:kelp":214,"minecraft:iron_ingot":332,"minecraft:stone_pickaxe":4,"minecraft:cooked_chicken":9,"minecraft:stripped_oak_wood":1,"minecraft:glass_bottle":4,"minecraft:iron_sword":7,"minecraft:book":457,"minecraft:oak_slab":25,"minecraft:pumpkin":3,"minecraft:sweet_berries":2,"minecraft:dandelion":33,"minecraft:dripstone_block":3,"minecraft:gravel":2,"minecraft:lava_bucket":3,"minecraft:spruce_sapling":1,"minecraft:white_bed":4,"minecraft:dragon_egg":1,"minecraft:spider_eye":8,"minecraft:stone_axe":2,"minecraft:iron_helmet":8,"minecraft:diamond_axe":7,"minecraft:gray_wool":2,"minecraft:oak_button":4,"minecraft:baked_potato":38,"minecraft:black_wool":1,"minecraft:coal":124,"minecraft:hopper":22,"minecraft:wooden_axe":1,"minecraft:ender_pearl":5},"minecraft:broken":{"minecraft:iron_shovel":4,"minecraft:iron_chestplate":1,"minecraft:iron_leggings":1,"minecraft:stone_pickaxe":1,"minecraft:iron_sword":1,"minecraft:iron_axe":2,"minecraft:iron_pickaxe":1},"minecraft:crafted":{"minecraft:oak_planks":432,"minecraft:oak_sign":6,"minecraft:cobblestone_slab":6,"minecraft:barrel":3,"minecraft:lever":1,"minecraft:shulker_box":1,"minecraft:cooked_mutton":5,"minecraft:hopper":2,"minecraft:diamond_helmet":1,"minecraft:diamond_leggings":2,"minecraft:bow":2,"minecraft:iron_boots":3,"minecraft:chest":12,"minecraft:oak_button":7,"minecraft:oak_slab":12,"minecraft:cooked_porkchop":15,"minecraft:crafting_table":5,"minecraft:jungle_boat":1,"minecraft:wooden_pickaxe":2,"minecraft:iron_helmet":3,"minecraft:birch_planks":4,"minecraft:iron_chestplate":4,"minecraft:diamond_pickaxe":1,"minecraft:yellow_dye":20,"minecraft:shield":3,"minecraft:stick":40,"minecraft:iron_ingot":121,"minecraft:iron_pickaxe":4,"minecraft:iron_block":3,"minecraft:light_gray_dye":1,"minecraft:shears":2,"minecraft:oak_door":3,"minecraft:tripwire_hook":2,"minecraft:furnace":5,"minecraft:oak_trapdoor":2,"minecraft:flint_and_steel":1,"minecraft:iron_axe":5,"minecraft:stone_pickaxe":1,"minecraft:diamond_boots":1,"minecraft:wheat":153,"minecraft:red_dye":106,"minecraft:cooked_cod":7,"minecraft:diamond_sword":3,"minecraft:iron_sword":1,"minecraft:bucket":3,"minecraft:stone_axe":1,"minecraft:bread":51,"minecraft:air":0,"minecraft:jungle_planks":48,"minecraft:blue_dye":4,"minecraft:oak_boat":4,"minecraft:jungle_door":3,"minecraft:wooden_axe":2,"minecraft:iron_shovel":6,"minecraft:iron_leggings":3,"minecraft:anvil":1,"minecraft:torch":72,"minecraft:diamond_chestplate":1}},"DataVersion":3337}