{"stats":{"minecraft:custom":{"minecraft:mob_kills":16,"minecraft:interact_with_crafting_table":9,"minecraft:leave_game":15,"minecraft:time_since_death":41932,"minecraft:climb_one_cm":1975,"minecraft:time_since_rest":41952,"minecraft:sprint_one_cm":142453,"minecraft:damage_taken":1040,"minecraft:walk_one_cm":72094,"minecraft:drop":7,"minecraft:damage_dealt":2187,"minecraft:swim_one_cm":2975,"minecraft:fly_one_cm":260072,"minecraft:open_chest":2,"minecraft:crouch_one_cm":11136,"minecraft:play_time":58882,"minecraft:deaths":1,"minecraft:sneak_time":3183,"minecraft:walk_under_water_one_cm":1428,"minecraft:boat_one_cm":59340,"minecraft:jump":1214,"minecraft:walk_on_water_one_cm":1974,"minecraft:total_world_time":58882,"minecraft:fall_one_cm":47949},"minecraft:dropped":{"minecraft:wheat_seeds":10,"minecraft:bow":1,"minecraft:bone":2},"minecraft:picked_up":{"minecraft:crafting_table":5,"minecraft:jungle_boat":2,"minecraft:feather":4,"minecraft:chicken":2,"minecraft:andesite":5,"minecraft:jungle_log":21,"minecraft:leather":5,"minecraft:oak_log":46,"minecraft:brewing_stand":1,"minecraft:dirt":11,"minecraft:bone":2,"minecraft:kelp":34,"minecraft:bow":1,"minecraft:wheat_seeds":12,"minecraft:beef":4,"minecraft:bamboo":50,"minecraft:melon_slice":28,"minecraft:oak_planks":2,"minecraft:egg":1,"minecraft:raw_iron":14,"minecraft:stick":5,"minecraft:porkchop":6,"minecraft:sand":1,"minecraft:diorite":6,"minecraft:rotten_flesh":3,"minecraft:hay_block":17,"minecraft:granite":12,"minecraft:oak_sapling":13,"minecraft:mutton":2,"minecraft:cobblestone":42,"minecraft:coal":20,"minecraft:white_wool":1},"minecraft:used":{"minecraft:diorite":3,"minecraft:stone_pickaxe":95,"minecraft:oak_planks":98,"minecraft:wooden_pickaxe":6,"minecraft:jungle_boat":2,"minecraft:sand":1,"minecraft:mutton":2,"minecraft:crafting_table":6,"minecraft:granite":4,"minecraft:wooden_axe":34,"minecraft:bread":6,"minecraft:chicken":2,"minecraft:melon_slice":28,"minecraft:jungle_log":4,"minecraft:stone_axe":82,"minecraft:cobblestone":22,"minecraft:beef":4,"minecraft:oak_sapling":13,"minecraft:andesite":4,"minecraft:egg":1},"minecraft:crafted":{"minecraft:oak_planks":104,"minecraft:crafting_table":2,"minecraft:jungle_boat":1,"minecraft:wooden_pickaxe":2,"minecraft:stone_axe":1,"minecraft:bread":39,"minecraft:jungle_planks":28,"minecraft:stick":12,"minecraft:stone_pickaxe":1,"minecraft:wooden_axe":2,"minecraft:wheat":117},"minecraft:killed":{"minecraft:pig":3,"minecraft:spider":1,"minecraft:sheep":1,"minecraft:skeleton":3,"minecraft:zombie":2,"minecraft:chicken":2,"minecraft:cow":4},"minecraft:killed_by":{"minecraft:witch":1},"minecraft:mined":{"minecraft:brewing_stand":1,"minecraft:crafting_table":5,"minecraft:granite":12,"minecraft:grass_block":6,"minecraft:melon":5,"minecraft:jungle_log":21,"minecraft:tall_grass":10,"minecraft:oak_planks":2,"minecraft:diorite":6,"minecraft:hay_block":18,"minecraft:iron_ore":14,"minecraft:andesite":5,"minecraft:birch_leaves":1,"minecraft:grass":29,"minecraft:oak_log":43,"minecraft:coal_ore":20,"minecraft:vine":2,"minecraft:dirt":6,"minecraft:sand":1,"minecraft:bamboo":4,"minecraft:stone":42,"minecraft:oak_leaves":22,"minecraft:fern":5}},"DataVersion":3337}