{"stats":{"minecraft:dropped":{"minecraft:enchanted_book":4,"minecraft:water_bucket":1,"minecraft:iron_ingot":137,"minecraft:iron_sword":3,"minecraft:porkchop":1,"minecraft:wheat_seeds":25,"minecraft:diamond_axe":2,"minecraft:crafting_table":1,"minecraft:oak_fence":6,"minecraft:prismarine_shard":16,"minecraft:feather":4,"minecraft:cobblestone":70,"minecraft:lead":10,"minecraft:leather":1,"minecraft:apple":5,"minecraft:honeycomb":15,"minecraft:jungle_planks":1,"minecraft:tropical_fish":6,"minecraft:stick":5122,"minecraft:flint":5,"minecraft:dirt":1,"minecraft:diorite":3,"minecraft:iron_leggings":1,"minecraft:red_dye":21,"minecraft:iron_pickaxe":4,"minecraft:iron_shovel":3,"minecraft:string":1,"minecraft:fishing_rod":1,"minecraft:bucket":3,"minecraft:bone":18,"minecraft:dandelion":1,"minecraft:stone_axe":2,"minecraft:furnace":3,"minecraft:sweet_berries":2,"minecraft:kelp":156,"minecraft:oak_trapdoor":1,"minecraft:player_head":5,"minecraft:raw_copper":10,"minecraft:wheat":4,"minecraft:rotten_flesh":22,"minecraft:iron_boots":1,"minecraft:oak_sign":1,"minecraft:shears":4,"minecraft:poppy":8,"minecraft:gunpowder":18,"minecraft:iron_chestplate":3,"minecraft:oak_sapling":2,"minecraft:bow":3,"minecraft:arrow":1,"minecraft:wooden_pickaxe":1,"minecraft:stone_pickaxe":2},"minecraft:mined":{"minecraft:tuff":7,"minecraft:white_bed":4,"minecraft:oak_sapling":1,"minecraft:deepslate_diamond_ore":10,"minecraft:brewing_stand":1,"minecraft:granite":12,"minecraft:grass_block":317,"minecraft:jungle_log":21,"minecraft:spruce_leaves":5,"minecraft:hopper":3,"minecraft:kelp":21,"minecraft:oak_wall_sign":1,"minecraft:hay_block":18,"minecraft:tall_seagrass":3,"minecraft:oak_trapdoor":10,"minecraft:carrots":5,"minecraft:furnace":2,"minecraft:barrel":1,"minecraft:iron_ore":52,"minecraft:cobbled_deepslate":1,"minecraft:andesite":9,"minecraft:deepslate_lapis_ore":21,"minecraft:oak_sign":2,"minecraft:vine":2,"minecraft:cobblestone_slab":12,"minecraft:deepslate_iron_ore":93,"minecraft:dirt_path":41,"minecraft:bamboo":4,"minecraft:stone":149,"minecraft:deepslate_redstone_ore":44,"minecraft:oak_slab":3,"minecraft:jungle_door":3,"minecraft:kelp_plant":82,"minecraft:dandelion":4,"minecraft:oak_fence":21,"minecraft:crafting_table":10,"minecraft:torch":7,"minecraft:melon":5,"minecraft:chest":2,"minecraft:cobblestone":19,"minecraft:copper_ore":3,"minecraft:tall_grass":23,"minecraft:deepslate_gold_ore":2,"minecraft:sugar_cane":1,"minecraft:oak_planks":13,"minecraft:diorite":6,"minecraft:wall_torch":3,"minecraft:sweet_berry_bush":1,"minecraft:wheat":3,"minecraft:birch_leaves":1,"minecraft:yellow_bed":10,"minecraft:grass":174,"minecraft:coal_ore":42,"minecraft:oak_log":77,"minecraft:sand":1,"minecraft:dirt":127,"minecraft:oak_leaves":42,"minecraft:deepslate":40,"minecraft:fern":5},"minecraft:crafted":{"minecraft:oak_sign":6,"minecraft:oak_planks":308,"minecraft:cobblestone_slab":6,"minecraft:barrel":3,"minecraft:furnace":5,"minecraft:iron_boots":2,"minecraft:iron_axe":4,"minecraft:stone_pickaxe":1,"minecraft:chest":1,"minecraft:oak_button":7,"minecraft:wheat":153,"minecraft:oak_slab":12,"minecraft:cooked_cod":2,"minecraft:red_dye":27,"minecraft:cooked_porkchop":6,"minecraft:crafting_table":4,"minecraft:jungle_boat":1,"minecraft:wooden_pickaxe":2,"minecraft:iron_helmet":2,"minecraft:bucket":2,"minecraft:stone_axe":1,"minecraft:bread":51,"minecraft:air":0,"minecraft:jungle_planks":48,"minecraft:oak_boat":3,"minecraft:jungle_door":3,"minecraft:iron_chestplate":2,"minecraft:yellow_dye":4,"minecraft:shield":1,"minecraft:stick":36,"minecraft:iron_ingot":121,"minecraft:iron_pickaxe":3,"minecraft:wooden_axe":2,"minecraft:iron_block":3,"minecraft:iron_shovel":6,"minecraft:iron_leggings":2,"minecraft:anvil":1,"minecraft:torch":32},"minecraft:broken":{"minecraft:iron_shovel":3,"minecraft:iron_chestplate":1,"minecraft:stone_pickaxe":1,"minecraft:iron_axe":2,"minecraft:iron_pickaxe":1},"minecraft:picked_up":{"minecraft:wooden_axe":1,"minecraft:fishing_rod":1,"minecraft:iron_chestplate":10,"minecraft:crafting_table":14,"minecraft:wheat":4,"minecraft:chicken":5,"minecraft:prismarine_shard":32,"minecraft:lead":25,"minecraft:enchanted_book":11,"minecraft:brewing_stand":2,"minecraft:shield":4,"minecraft:string":4,"minecraft:oak_trapdoor":23,"minecraft:raw_copper":10,"minecraft:iron_axe":4,"minecraft:flint_and_steel":1,"minecraft:iron_leggings":6,"minecraft:iron_shovel":7,"minecraft:oak_sign":12,"minecraft:cobbled_deepslate":47,"minecraft:bucket":4,"minecraft:beef":5,"minecraft:red_dye":28,"minecraft:oak_boat":15,"minecraft:cobblestone_slab":19,"minecraft:player_head":5,"minecraft:poppy":39,"minecraft:iron_pickaxe":12,"minecraft:melon_slice":28,"minecraft:sugar_cane":2,"minecraft:chest":4,"minecraft:egg":1,"minecraft:iron_boots":7,"minecraft:furnace":6,"minecraft:stick":3716,"minecraft:raw_iron":197,"minecraft:jungle_door":7,"minecraft:oak_fence":47,"minecraft:torch":50,"minecraft:porkchop":17,"minecraft:diorite":11,"minecraft:carrot":36,"minecraft:redstone":237,"minecraft:zombie_spawn_egg":1,"minecraft:arrow":14,"minecraft:rotten_flesh":101,"minecraft:tropical_fish":8,"minecraft:golden_hoe":1,"minecraft:shears":7,"minecraft:hay_block":21,"minecraft:gold_ingot":6,"minecraft:mutton":7,"minecraft:cod":4,"minecraft:white_wool":3,"minecraft:cobblestone":285,"minecraft:jungle_boat":4,"minecraft:feather":14,"minecraft:cooked_beef":1,"minecraft:jungle_log":23,"minecraft:andesite":6,"minecraft:water_bucket":1,"minecraft:salmon":7,"minecraft:leather":14,"minecraft:potato":4,"minecraft:flint":11,"minecraft:tuff":8,"minecraft:oak_log":152,"minecraft:yellow_bed":10,"minecraft:gunpowder":25,"minecraft:lapis_lazuli":213,"minecraft:dirt":722,"minecraft:bone":25,"minecraft:apple":2,"minecraft:kelp":212,"minecraft:bow":3,"minecraft:wheat_seeds":47,"minecraft:iron_ingot":323,"minecraft:stone_pickaxe":4,"minecraft:bamboo":72,"minecraft:iron_sword":5,"minecraft:honeycomb":18,"minecraft:oak_planks":205,"minecraft:book":1,"minecraft:oak_slab":13,"minecraft:cooked_porkchop":8,"minecraft:sweet_berries":2,"minecraft:dandelion":5,"minecraft:dripstone_block":3,"minecraft:gravel":2,"minecraft:lava_bucket":3,"minecraft:sand":1,"minecraft:jungle_planks":1,"minecraft:white_bed":4,"minecraft:barrel":1,"minecraft:diamond":16,"minecraft:stone_axe":2,"minecraft:iron_helmet":6,"minecraft:granite":12,"minecraft:diamond_axe":4,"minecraft:golden_apple":1,"minecraft:gray_wool":2,"minecraft:emerald":2,"minecraft:bread":29,"minecraft:oak_button":1,"minecraft:oak_sapling":21,"minecraft:hopper":6,"minecraft:coal":88},"minecraft:custom":{"minecraft:mob_kills":120,"minecraft:interact_with_anvil":10,"minecraft:inspect_hopper":4,"minecraft:interact_with_crafting_table":57,"minecraft:leave_game":38,"minecraft:time_since_death":6969,"minecraft:climb_one_cm":1975,"minecraft:sprint_one_cm":524142,"minecraft:walk_one_cm":625123,"minecraft:damage_blocked_by_shield":435,"minecraft:drop":206,"minecraft:talked_to_villager":9,"minecraft:play_time":274963,"minecraft:deaths":9,"minecraft:sneak_time":10164,"minecraft:walk_under_water_one_cm":19993,"minecraft:boat_one_cm":105634,"minecraft:jump":4214,"minecraft:walk_on_water_one_cm":39163,"minecraft:total_world_time":274963,"minecraft:interact_with_furnace":92,"minecraft:time_since_rest":6989,"minecraft:damage_taken":45455,"minecraft:damage_absorbed":10240,"minecraft:damage_dealt":28641,"minecraft:swim_one_cm":63984,"minecraft:fly_one_cm":794865,"minecraft:player_kills":1,"minecraft:open_chest":56,"minecraft:crouch_one_cm":32602,"minecraft:fall_one_cm":594846,"minecraft:inspect_dispenser":1},"minecraft:killed_by":{"minecraft:player":1,"minecraft:iron_golem":2,"minecraft:skeleton":1,"minecraft:witch":1,"minecraft:zombie":1},"minecraft:killed":{"minecraft:spider":7,"minecraft:horse":5,"minecraft:skeleton":14,"minecraft:chicken":5,"minecraft:pig":7,"minecraft:zombie_villager":2,"minecraft:iron_golem":11,"minecraft:creeper":6,"minecraft:sheep":5,"minecraft:zombie":45,"minecraft:villager":1,"minecraft:cow":5},"minecraft:used":{"minecraft:iron_shovel":1029,"minecraft:oak_sign":11,"minecraft:chest":3,"minecraft:shield":17,"minecraft:iron_sword":53,"minecraft:zombie_spawn_egg":1,"minecraft:rotten_flesh":4,"minecraft:torch":31,"minecraft:anvil":1,"minecraft:dirt":453,"minecraft:mutton":2,"minecraft:hopper":1,"minecraft:carrot":6,"minecraft:tuff":6,"minecraft:granite":12,"minecraft:wooden_axe":34,"minecraft:lava_bucket":80,"minecraft:iron_axe":316,"minecraft:jungle_log":4,"minecraft:barrel":4,"minecraft:bamboo":22,"minecraft:beef":4,"minecraft:furnace":5,"minecraft:oak_sapling":19,"minecraft:cooked_cod":2,"minecraft:egg":1,"minecraft:cooked_beef":1,"minecraft:cobbled_deepslate":47,"minecraft:iron_leggings":1,"minecraft:water_bucket":15,"minecraft:diorite":6,"minecraft:stone_pickaxe":149,"minecraft:oak_planks":250,"minecraft:wooden_pickaxe":6,"minecraft:diamond_axe":45,"minecraft:cobblestone_slab":16,"minecraft:jungle_boat":3,"minecraft:salmon":6,"minecraft:sand":1,"minecraft:crafting_table":12,"minecraft:white_bed":4,"minecraft:cod":4,"minecraft:apple":1,"minecraft:oak_button":6,"minecraft:bread":48,"minecraft:iron_pickaxe":378,"minecraft:chicken":2,"minecraft:melon_slice":28,"minecraft:gravel":2,"minecraft:stone_axe":103,"minecraft:cobblestone":55,"minecraft:cooked_porkchop":10,"minecraft:jungle_door":4,"minecraft:bucket":97,"minecraft:andesite":6,"minecraft:yellow_bed":10,"minecraft:oak_boat":14}},"DataVersion":3337}