{"stats":{"minecraft:dropped":{"minecraft:iron_sword":3,"minecraft:porkchop":1,"minecraft:diamond_axe":2,"minecraft:crafting_table":1,"minecraft:leather":1,"minecraft:honeycomb":15,"minecraft:jungle_planks":1,"minecraft:flint":5,"minecraft:dirt":1,"minecraft:iron_pickaxe":4,"minecraft:fishing_rod":1,"minecraft:bone":18,"minecraft:stone_axe":2,"minecraft:wheat":4,"minecraft:rotten_flesh":25,"minecraft:poppy":8,"minecraft:gunpowder":18,"minecraft:arrow":1,"minecraft:water_bucket":1,"minecraft:enchanted_book":4,"minecraft:iron_ingot":137,"minecraft:wheat_seeds":25,"minecraft:prismarine_shard":16,"minecraft:oak_fence":6,"minecraft:feather":4,"minecraft:cobblestone":70,"minecraft:lead":10,"minecraft:apple":5,"minecraft:tropical_fish":6,"minecraft:stick":5122,"minecraft:diorite":3,"minecraft:iron_leggings":2,"minecraft:red_dye":21,"minecraft:iron_shovel":3,"minecraft:string":1,"minecraft:bucket":3,"minecraft:dandelion":1,"minecraft:furnace":3,"minecraft:kelp":158,"minecraft:sweet_berries":2,"minecraft:oak_trapdoor":1,"minecraft:player_head":5,"minecraft:raw_copper":10,"minecraft:iron_boots":1,"minecraft:oak_sign":1,"minecraft:shears":4,"minecraft:oak_button":3,"minecraft:iron_chestplate":3,"minecraft:oak_sapling":2,"minecraft:bow":3,"minecraft:stone_pickaxe":3,"minecraft:wooden_pickaxe":1},"minecraft:mined":{"minecraft:white_bed":4,"minecraft:oak_sapling":1,"minecraft:brewing_stand":1,"minecraft:granite":19,"minecraft:grass_block":369,"minecraft:jungle_log":21,"minecraft:hopper":3,"minecraft:oak_wall_sign":1,"minecraft:tall_seagrass":3,"minecraft:cobbled_deepslate":1,"minecraft:iron_ore":52,"minecraft:barrel":1,"minecraft:pumpkin":3,"minecraft:deepslate_lapis_ore":21,"minecraft:oak_sign":2,"minecraft:dirt_path":41,"minecraft:deepslate_redstone_ore":169,"minecraft:jungle_door":3,"minecraft:kelp_plant":83,"minecraft:torch":8,"minecraft:melon":5,"minecraft:chest":2,"minecraft:cobblestone":19,"minecraft:oak_planks":13,"minecraft:sugar_cane":1,"minecraft:wall_torch":4,"minecraft:wheat":3,"minecraft:grass":261,"minecraft:oak_log":77,"minecraft:sand":1,"minecraft:dirt":206,"minecraft:oak_leaves":42,"minecraft:deepslate":223,"minecraft:diamond_ore":2,"minecraft:tuff":49,"minecraft:deepslate_diamond_ore":36,"minecraft:spruce_leaves":5,"minecraft:kelp":21,"minecraft:hay_block":18,"minecraft:redstone_ore":8,"minecraft:oak_trapdoor":10,"minecraft:furnace":2,"minecraft:carrots":5,"minecraft:andesite":10,"minecraft:deepslate_iron_ore":93,"minecraft:cobblestone_slab":12,"minecraft:vine":2,"minecraft:bamboo":4,"minecraft:stone":245,"minecraft:oak_slab":3,"minecraft:dandelion":4,"minecraft:oak_fence":21,"minecraft:crafting_table":11,"minecraft:tall_grass":26,"minecraft:copper_ore":3,"minecraft:deepslate_gold_ore":2,"minecraft:lapis_ore":3,"minecraft:diorite":8,"minecraft:sweet_berry_bush":1,"minecraft:birch_leaves":1,"minecraft:yellow_bed":10,"minecraft:coal_ore":52,"minecraft:fern":5},"minecraft:crafted":{"minecraft:oak_planks":324,"minecraft:barrel":3,"minecraft:cobblestone_slab":6,"minecraft:oak_sign":6,"minecraft:cooked_mutton":5,"minecraft:iron_boots":2,"minecraft:chest":1,"minecraft:oak_button":7,"minecraft:oak_slab":12,"minecraft:cooked_porkchop":15,"minecraft:crafting_table":5,"minecraft:jungle_boat":1,"minecraft:wooden_pickaxe":2,"minecraft:iron_helmet":2,"minecraft:iron_chestplate":3,"minecraft:diamond_pickaxe":1,"minecraft:yellow_dye":4,"minecraft:shield":2,"minecraft:stick":36,"minecraft:iron_ingot":121,"minecraft:iron_pickaxe":3,"minecraft:iron_block":3,"minecraft:oak_door":3,"minecraft:furnace":5,"minecraft:iron_axe":4,"minecraft:stone_pickaxe":1,"minecraft:wheat":153,"minecraft:red_dye":41,"minecraft:cooked_cod":7,"minecraft:diamond_sword":2,"minecraft:bucket":2,"minecraft:stone_axe":1,"minecraft:bread":51,"minecraft:air":0,"minecraft:jungle_planks":48,"minecraft:oak_boat":3,"minecraft:jungle_door":3,"minecraft:wooden_axe":2,"minecraft:iron_shovel":6,"minecraft:iron_leggings":2,"minecraft:anvil":1,"minecraft:torch":64},"minecraft:broken":{"minecraft:iron_shovel":3,"minecraft:iron_chestplate":1,"minecraft:stone_pickaxe":1,"minecraft:iron_sword":1,"minecraft:iron_axe":2,"minecraft:iron_pickaxe":1},"minecraft:picked_up":{"minecraft:wooden_axe":1,"minecraft:iron_chestplate":10,"minecraft:wheat":4,"minecraft:prismarine_shard":32,"minecraft:lead":25,"minecraft:enchanted_book":13,"minecraft:brewing_stand":2,"minecraft:string":4,"minecraft:raw_copper":10,"minecraft:iron_leggings":9,"minecraft:oak_sign":12,"minecraft:cobbled_deepslate":318,"minecraft:bucket":4,"minecraft:red_dye":28,"minecraft:cobblestone_slab":19,"minecraft:iron_pickaxe":14,"minecraft:melon_slice":28,"minecraft:furnace":6,"minecraft:iron_boots":9,"minecraft:stick":3824,"minecraft:jungle_door":7,"minecraft:oak_fence":89,"minecraft:torch":56,"minecraft:porkchop":21,"minecraft:dried_kelp":3,"minecraft:diorite":13,"minecraft:zombie_spawn_egg":1,"minecraft:rotten_flesh":130,"minecraft:tropical_fish":8,"minecraft:cod":9,"minecraft:cobblestone":407,"minecraft:feather":14,"minecraft:cooked_beef":1,"minecraft:water_bucket":3,"minecraft:andesite":9,"minecraft:jungle_log":23,"minecraft:potato":4,"minecraft:flint":11,"minecraft:tuff":87,"minecraft:lapis_lazuli":249,"minecraft:dirt":867,"minecraft:bone":27,"minecraft:bow":3,"minecraft:wheat_seeds":60,"minecraft:bamboo":72,"minecraft:honeycomb":18,"minecraft:oak_planks":205,"minecraft:cooked_porkchop":9,"minecraft:jungle_planks":1,"minecraft:sand":1,"minecraft:barrel":1,"minecraft:diamond":87,"minecraft:granite":23,"minecraft:golden_apple":1,"minecraft:emerald":2,"minecraft:bread":29,"minecraft:oak_sapling":21,"minecraft:diamond_pickaxe":2,"minecraft:fishing_rod":1,"minecraft:crafting_table":17,"minecraft:chicken":5,"minecraft:shield":6,"minecraft:oak_trapdoor":23,"minecraft:iron_axe":4,"minecraft:flint_and_steel":1,"minecraft:iron_shovel":9,"minecraft:beef":5,"minecraft:oak_boat":21,"minecraft:player_head":5,"minecraft:poppy":39,"minecraft:sugar_cane":2,"minecraft:chest":4,"minecraft:egg":1,"minecraft:raw_iron":197,"minecraft:carrot":36,"minecraft:redstone":1091,"minecraft:arrow":17,"minecraft:golden_hoe":1,"minecraft:shears":9,"minecraft:hay_block":21,"minecraft:gold_ingot":6,"minecraft:mutton":11,"minecraft:white_wool":5,"minecraft:jungle_boat":4,"minecraft:salmon":7,"minecraft:leather":16,"minecraft:oak_log":156,"minecraft:yellow_bed":10,"minecraft:gunpowder":30,"minecraft:cooked_mutton":5,"minecraft:apple":2,"minecraft:kelp":214,"minecraft:iron_ingot":332,"minecraft:stone_pickaxe":4,"minecraft:iron_sword":5,"minecraft:book":1,"minecraft:oak_slab":25,"minecraft:pumpkin":3,"minecraft:sweet_berries":2,"minecraft:dandelion":5,"minecraft:dripstone_block":3,"minecraft:gravel":2,"minecraft:lava_bucket":3,"minecraft:white_bed":4,"minecraft:spider_eye":1,"minecraft:stone_axe":2,"minecraft:iron_helmet":8,"minecraft:diamond_axe":6,"minecraft:gray_wool":2,"minecraft:oak_button":4,"minecraft:coal":121,"minecraft:hopper":6},"minecraft:custom":{"minecraft:interact_with_crafting_table":66,"minecraft:leave_game":43,"minecraft:time_since_death":37161,"minecraft:sprint_one_cm":711206,"minecraft:damage_blocked_by_shield":1035,"minecraft:drop":213,"minecraft:talked_to_villager":9,"minecraft:play_time":384765,"minecraft:deaths":11,"minecraft:jump":5875,"minecraft:walk_on_water_one_cm":65506,"minecraft:interact_with_furnace":135,"minecraft:damage_dealt":38841,"minecraft:player_kills":1,"minecraft:crouch_one_cm":39377,"minecraft:inspect_dispenser":1,"minecraft:mob_kills":178,"minecraft:interact_with_anvil":12,"minecraft:inspect_hopper":4,"minecraft:climb_one_cm":1975,"minecraft:walk_one_cm":776487,"minecraft:sneak_time":14284,"minecraft:walk_under_water_one_cm":60867,"minecraft:boat_one_cm":173472,"minecraft:total_world_time":384765,"minecraft:time_since_rest":37181,"minecraft:damage_taken":47210,"minecraft:damage_absorbed":10240,"minecraft:swim_one_cm":118335,"minecraft:fly_one_cm":1053042,"minecraft:open_chest":107,"minecraft:fall_one_cm":635242},"minecraft:killed_by":{"minecraft:creeper":1,"minecraft:witch":1,"minecraft:zombie":1,"minecraft:player":1,"minecraft:iron_golem":2,"minecraft:skeleton":1},"minecraft:killed":{"minecraft:spider":9,"minecraft:cod":6,"minecraft:skeleton":21,"minecraft:chicken":5,"minecraft:pig":9,"minecraft:zombie_villager":2,"minecraft:iron_golem":11,"minecraft:creeper":9,"minecraft:sheep":5,"minecraft:zombie":82,"minecraft:cow":5,"minecraft:horse":5,"minecraft:villager":1},"minecraft:used":{"minecraft:iron_shovel":1216,"minecraft:oak_sign":11,"minecraft:chest":3,"minecraft:shield":27,"minecraft:iron_sword":98,"minecraft:zombie_spawn_egg":1,"minecraft:rotten_flesh":9,"minecraft:mutton":2,"minecraft:carrot":6,"minecraft:tuff":10,"minecraft:lava_bucket":80,"minecraft:oak_sapling":19,"minecraft:furnace":6,"minecraft:cooked_cod":7,"minecraft:egg":1,"minecraft:potato":1,"minecraft:diorite":8,"minecraft:stone_pickaxe":238,"minecraft:oak_planks":255,"minecraft:wooden_pickaxe":6,"minecraft:diamond_axe":130,"minecraft:jungle_boat":3,"minecraft:sand":1,"minecraft:melon_slice":28,"minecraft:bread":48,"minecraft:gravel":2,"minecraft:diamond_sword":23,"minecraft:andesite":6,"minecraft:oak_boat":19,"minecraft:oak_door":2,"minecraft:torch":63,"minecraft:dirt":485,"minecraft:anvil":1,"minecraft:hopper":1,"minecraft:granite":16,"minecraft:wooden_axe":34,"minecraft:iron_axe":316,"minecraft:jungle_log":4,"minecraft:barrel":4,"minecraft:bamboo":22,"minecraft:beef":4,"minecraft:cooked_beef":1,"minecraft:cobbled_deepslate":167,"minecraft:iron_leggings":1,"minecraft:cooked_mutton":5,"minecraft:water_bucket":193,"minecraft:cobblestone_slab":16,"minecraft:salmon":6,"minecraft:crafting_table":13,"minecraft:white_bed":4,"minecraft:cod":4,"minecraft:diamond_pickaxe":416,"minecraft:apple":1,"minecraft:chicken":2,"minecraft:oak_button":6,"minecraft:iron_pickaxe":378,"minecraft:stone_axe":103,"minecraft:cobblestone":56,"minecraft:cooked_porkchop":18,"minecraft:jungle_door":4,"minecraft:bucket":276,"minecraft:yellow_bed":10}},"DataVersion":3337}