{"stats":{"minecraft:killed_by":{"minecraft:creeper":1,"minecraft:witch":1,"minecraft:zombie":1,"minecraft:player":2,"minecraft:iron_golem":2,"minecraft:skeleton":1},"minecraft:killed":{"minecraft:spider":11,"minecraft:cod":6,"minecraft:shulker":12,"minecraft:skeleton":23,"minecraft:chicken":10,"minecraft:silverfish":6,"minecraft:pig":16,"minecraft:zombie_villager":2,"minecraft:iron_golem":11,"minecraft:ender_dragon":1,"minecraft:creeper":10,"minecraft:sheep":10,"minecraft:zombie":95,"minecraft:cow":11,"minecraft:horse":8,"minecraft:villager":1,"minecraft:enderman":11},"minecraft:broken":{"minecraft:iron_shovel":4,"minecraft:iron_chestplate":1,"minecraft:stone_pickaxe":1,"minecraft:iron_sword":1,"minecraft:iron_axe":2,"minecraft:iron_pickaxe":1},"minecraft:custom":{"minecraft:interact_with_crafting_table":81,"minecraft:leave_game":53,"minecraft:time_since_death":73996,"minecraft:sprint_one_cm":1042203,"minecraft:damage_blocked_by_shield":1995,"minecraft:drop":229,"minecraft:talked_to_villager":9,"minecraft:play_time":574555,"minecraft:deaths":13,"minecraft:jump":8217,"minecraft:walk_on_water_one_cm":82992,"minecraft:interact_with_furnace":139,"minecraft:damage_dealt":53303,"minecraft:player_kills":1,"minecraft:crouch_one_cm":84533,"minecraft:inspect_dispenser":3,"minecraft:mob_kills":256,"minecraft:interact_with_anvil":20,"minecraft:inspect_hopper":4,"minecraft:climb_one_cm":2359,"minecraft:walk_one_cm":1049377,"minecraft:sneak_time":23688,"minecraft:walk_under_water_one_cm":83651,"minecraft:boat_one_cm":262467,"minecraft:total_world_time":574555,"minecraft:time_since_rest":74016,"minecraft:damage_absorbed":10240,"minecraft:damage_taken":50404,"minecraft:swim_one_cm":138831,"minecraft:fly_one_cm":1994647,"minecraft:open_chest":159,"minecraft:fall_one_cm":700426},"minecraft:crafted":{"minecraft:oak_planks":344,"minecraft:barrel":3,"minecraft:cobblestone_slab":6,"minecraft:oak_sign":6,"minecraft:cooked_mutton":5,"minecraft:diamond_helmet":1,"minecraft:diamond_leggings":1,"minecraft:bow":2,"minecraft:iron_boots":3,"minecraft:chest":1,"minecraft:oak_button":7,"minecraft:oak_slab":12,"minecraft:cooked_porkchop":15,"minecraft:crafting_table":5,"minecraft:jungle_boat":1,"minecraft:wooden_pickaxe":2,"minecraft:iron_helmet":3,"minecraft:iron_chestplate":4,"minecraft:diamond_pickaxe":1,"minecraft:yellow_dye":20,"minecraft:shield":3,"minecraft:stick":40,"minecraft:iron_ingot":121,"minecraft:iron_pickaxe":4,"minecraft:iron_block":3,"minecraft:light_gray_dye":1,"minecraft:shears":2,"minecraft:oak_door":3,"minecraft:furnace":5,"minecraft:iron_axe":5,"minecraft:stone_pickaxe":1,"minecraft:diamond_boots":1,"minecraft:wheat":153,"minecraft:red_dye":44,"minecraft:cooked_cod":7,"minecraft:diamond_sword":3,"minecraft:iron_sword":1,"minecraft:bucket":2,"minecraft:stone_axe":1,"minecraft:bread":51,"minecraft:air":0,"minecraft:jungle_planks":48,"minecraft:blue_dye":4,"minecraft:oak_boat":4,"minecraft:jungle_door":3,"minecraft:wooden_axe":2,"minecraft:iron_shovel":6,"minecraft:iron_leggings":3,"minecraft:anvil":1,"minecraft:torch":72,"minecraft:diamond_chestplate":1},"minecraft:dropped":{"minecraft:iron_sword":3,"minecraft:porkchop":1,"minecraft:diamond_axe":2,"minecraft:glass_bottle":4,"minecraft:crafting_table":1,"minecraft:honeycomb":15,"minecraft:leather":1,"minecraft:jungle_planks":1,"minecraft:cracked_stone_bricks":2,"minecraft:flint":5,"minecraft:dirt":6,"minecraft:iron_pickaxe":4,"minecraft:fishing_rod":1,"minecraft:bone":18,"minecraft:stone_axe":2,"minecraft:wheat":4,"minecraft:rotten_flesh":25,"minecraft:oak_planks":1,"minecraft:poppy":8,"minecraft:gunpowder":18,"minecraft:iron_bars":11,"minecraft:arrow":1,"minecraft:enchanted_book":4,"minecraft:water_bucket":1,"minecraft:iron_ingot":137,"minecraft:wheat_seeds":25,"minecraft:feather":4,"minecraft:prismarine_shard":16,"minecraft:oak_fence":6,"minecraft:iron_helmet":1,"minecraft:cobblestone":70,"minecraft:lead":10,"minecraft:apple":6,"minecraft:tropical_fish":6,"minecraft:stick":5122,"minecraft:diorite":3,"minecraft:iron_leggings":3,"minecraft:red_dye":21,"minecraft:iron_shovel":3,"minecraft:string":1,"minecraft:bucket":3,"minecraft:dandelion":1,"minecraft:furnace":3,"minecraft:kelp":158,"minecraft:sweet_berries":2,"minecraft:oak_trapdoor":1,"minecraft:player_head":5,"minecraft:raw_copper":10,"minecraft:iron_boots":2,"minecraft:oak_sign":1,"minecraft:shears":4,"minecraft:oak_button":3,"minecraft:iron_chestplate":4,"minecraft:oak_sapling":2,"minecraft:stone_bricks":1,"minecraft:bow":4,"minecraft:stone_pickaxe":3,"minecraft:wooden_pickaxe":1},"minecraft:used":{"minecraft:iron_shovel":1281,"minecraft:oak_sign":11,"minecraft:chest":3,"minecraft:shield":35,"minecraft:iron_sword":197,"minecraft:zombie_spawn_egg":1,"minecraft:rotten_flesh":9,"minecraft:mutton":2,"minecraft:carrot":6,"minecraft:tuff":10,"minecraft:lava_bucket":80,"minecraft:stone_bricks":3,"minecraft:bow":45,"minecraft:furnace":6,"minecraft:oak_sapling":19,"minecraft:cooked_cod":7,"minecraft:egg":1,"minecraft:potato":1,"minecraft:diorite":8,"minecraft:end_stone_bricks":1,"minecraft:diamond_boots":1,"minecraft:stone_pickaxe":238,"minecraft:oak_planks":255,"minecraft:ender_pearl":4,"minecraft:wooden_pickaxe":6,"minecraft:diamond_axe":301,"minecraft:purpur_pillar":1,"minecraft:jungle_boat":3,"minecraft:sand":1,"minecraft:shears":59,"minecraft:end_stone":347,"minecraft:melon_slice":28,"minecraft:bread":48,"minecraft:gravel":2,"minecraft:diamond_sword":201,"minecraft:andesite":6,"minecraft:oak_boat":23,"minecraft:dried_kelp":1,"minecraft:cooked_chicken":5,"minecraft:oak_door":2,"minecraft:torch":79,"minecraft:brewing_stand":1,"minecraft:dirt":577,"minecraft:anvil":1,"minecraft:hopper":1,"minecraft:diamond_helmet":1,"minecraft:granite":16,"minecraft:wooden_axe":34,"minecraft:iron_axe":316,"minecraft:jungle_log":4,"minecraft:iron_boots":1,"minecraft:barrel":4,"minecraft:bamboo":22,"minecraft:diamond_chestplate":2,"minecraft:beef":4,"minecraft:cooked_beef":11,"minecraft:cobbled_deepslate":167,"minecraft:iron_leggings":1,"minecraft:cooked_mutton":6,"minecraft:water_bucket":269,"minecraft:cobblestone_slab":16,"minecraft:cracked_stone_bricks":1,"minecraft:salmon":6,"minecraft:crafting_table":13,"minecraft:white_bed":4,"minecraft:cod":4,"minecraft:oak_log":8,"minecraft:ender_eye":9,"minecraft:diamond_pickaxe":643,"minecraft:apple":1,"minecraft:diamond_shovel":681,"minecraft:chicken":2,"minecraft:oak_button":6,"minecraft:iron_pickaxe":570,"minecraft:stone_axe":103,"minecraft:cobblestone":154,"minecraft:potion":2,"minecraft:cooked_porkchop":31,"minecraft:jungle_door":4,"minecraft:bucket":352,"minecraft:yellow_bed":10,"minecraft:dandelion":3,"minecraft:diamond_leggings":1},"minecraft:picked_up":{"minecraft:shulker_shell":6,"minecraft:iron_chestplate":10,"minecraft:wheat":4,"minecraft:prismarine_shard":32,"minecraft:lead":25,"minecraft:diamond_sword":1,"minecraft:potion":2,"minecraft:enchanted_book":14,"minecraft:brewing_stand":3,"minecraft:string":13,"minecraft:raw_copper":10,"minecraft:iron_leggings":9,"minecraft:oak_sign":12,"minecraft:diamond_leggings":1,"minecraft:cobbled_deepslate":318,"minecraft:bucket":4,"minecraft:red_dye":28,"minecraft:cobblestone_slab":19,"minecraft:ender_eye":4,"minecraft:iron_pickaxe":15,"minecraft:melon_slice":28,"minecraft:furnace":6,"minecraft:iron_boots":9,"minecraft:stick":3824,"minecraft:jungle_door":7,"minecraft:oak_fence":89,"minecraft:torch":70,"minecraft:purpur_pillar":1,"minecraft:porkchop":21,"minecraft:dried_kelp":3,"minecraft:diorite":13,"minecraft:zombie_spawn_egg":1,"minecraft:rotten_flesh":144,"minecraft:tropical_fish":8,"minecraft:iron_bars":11,"minecraft:cod":9,"minecraft:cobblestone":424,"minecraft:birch_log":1,"minecraft:feather":19,"minecraft:cooked_beef":16,"minecraft:jungle_log":23,"minecraft:water_bucket":4,"minecraft:andesite":9,"minecraft:potato":4,"minecraft:flint":11,"minecraft:tuff":87,"minecraft:lapis_lazuli":249,"minecraft:dirt":1716,"minecraft:bone":33,"minecraft:bow":3,"minecraft:wheat_seeds":80,"minecraft:diamond_helmet":1,"minecraft:bamboo":72,"minecraft:oak_planks":207,"minecraft:honeycomb":18,"minecraft:cooked_porkchop":24,"minecraft:sand":1,"minecraft:jungle_planks":1,"minecraft:barrel":1,"minecraft:diamond":87,"minecraft:granite":23,"minecraft:golden_apple":1,"minecraft:bread":29,"minecraft:emerald":2,"minecraft:oak_sapling":21,"minecraft:oak_leaves":66,"minecraft:diamond_pickaxe":3,"minecraft:end_stone_bricks":4,"minecraft:fishing_rod":1,"minecraft:crafting_table":18,"minecraft:chicken":5,"minecraft:purpur_block":2,"minecraft:shield":7,"minecraft:cornflower":4,"minecraft:oak_trapdoor":23,"minecraft:elytra":1,"minecraft:iron_axe":4,"minecraft:flint_and_steel":1,"minecraft:iron_shovel":9,"minecraft:cracked_stone_bricks":3,"minecraft:beef":5,"minecraft:oak_boat":26,"minecraft:player_head":5,"minecraft:poppy":42,"minecraft:sugar_cane":10,"minecraft:chest":4,"minecraft:egg":1,"minecraft:raw_iron":197,"minecraft:end_stone":405,"minecraft:carrot":36,"minecraft:redstone":1091,"minecraft:arrow":214,"minecraft:diamond_chestplate":1,"minecraft:golden_hoe":1,"minecraft:shears":10,"minecraft:diamond_boots":1,"minecraft:hay_block":21,"minecraft:purpur_slab":2,"minecraft:gold_ingot":6,"minecraft:mutton":11,"minecraft:white_wool":10,"minecraft:oxeye_daisy":1,"minecraft:jungle_boat":4,"minecraft:salmon":7,"minecraft:leather":27,"minecraft:oak_log":178,"minecraft:yellow_bed":10,"minecraft:gunpowder":31,"minecraft:cooked_mutton":19,"minecraft:apple":3,"minecraft:stone_bricks":5,"minecraft:kelp":214,"minecraft:iron_ingot":332,"minecraft:stone_pickaxe":4,"minecraft:cooked_chicken":6,"minecraft:glass_bottle":3,"minecraft:iron_sword":5,"minecraft:book":457,"minecraft:oak_slab":25,"minecraft:pumpkin":3,"minecraft:sweet_berries":2,"minecraft:dandelion":26,"minecraft:dripstone_block":3,"minecraft:gravel":2,"minecraft:lava_bucket":3,"minecraft:white_bed":4,"minecraft:spider_eye":1,"minecraft:dragon_egg":1,"minecraft:stone_axe":2,"minecraft:iron_helmet":8,"minecraft:diamond_axe":7,"minecraft:gray_wool":2,"minecraft:oak_button":4,"minecraft:baked_potato":37,"minecraft:coal":124,"minecraft:hopper":6,"minecraft:ender_pearl":5,"minecraft:wooden_axe":1},"minecraft:mined":{"minecraft:white_bed":4,"minecraft:oak_sapling":1,"minecraft:brewing_stand":2,"minecraft:granite":19,"minecraft:grass_block":785,"minecraft:jungle_log":21,"minecraft:purpur_slab":2,"minecraft:hopper":3,"minecraft:oak_wall_sign":1,"minecraft:spawner":1,"minecraft:tall_seagrass":3,"minecraft:barrel":1,"minecraft:fire":3,"minecraft:iron_ore":52,"minecraft:cobbled_deepslate":1,"minecraft:pumpkin":3,"minecraft:deepslate_lapis_ore":21,"minecraft:oak_sign":2,"minecraft:dirt_path":41,"minecraft:end_stone_bricks":4,"minecraft:deepslate_redstone_ore":169,"minecraft:jungle_door":3,"minecraft:kelp_plant":84,"minecraft:torch":11,"minecraft:melon":5,"minecraft:chest":2,"minecraft:cobblestone":19,"minecraft:sugar_cane":5,"minecraft:oak_planks":14,"minecraft:wall_torch":6,"minecraft:wheat":3,"minecraft:purpur_block":2,"minecraft:grass":404,"minecraft:oak_log":86,"minecraft:sand":1,"minecraft:dirt":521,"minecraft:oak_leaves":106,"minecraft:deepslate":223,"minecraft:diamond_ore":2,"minecraft:tuff":49,"minecraft:deepslate_diamond_ore":36,"minecraft:end_stone":386,"minecraft:spruce_leaves":5,"minecraft:kelp":21,"minecraft:hay_block":18,"minecraft:redstone_ore":8,"minecraft:oak_trapdoor":10,"minecraft:furnace":2,"minecraft:carrots":5,"minecraft:andesite":10,"minecraft:bookshelf":161,"minecraft:cobblestone_slab":12,"minecraft:deepslate_iron_ore":93,"minecraft:vine":2,"minecraft:bamboo":4,"minecraft:stone":260,"minecraft:oak_slab":3,"minecraft:magenta_stained_glass":2,"minecraft:dandelion":8,"minecraft:oak_fence":21,"minecraft:crafting_table":11,"minecraft:tall_grass":46,"minecraft:purpur_pillar":1,"minecraft:copper_ore":3,"minecraft:lapis_ore":3,"minecraft:deepslate_gold_ore":2,"minecraft:diorite":8,"minecraft:sweet_berry_bush":1,"minecraft:birch_leaves":1,"minecraft:yellow_bed":10,"minecraft:coal_ore":54,"minecraft:cobweb":9,"minecraft:cracked_stone_bricks":1,"minecraft:stone_bricks":1,"minecraft:fern":5}},"DataVersion":3337}