{"stats":{"minecraft:custom":{"minecraft:interact_with_anvil":6,"minecraft:mob_kills":91,"minecraft:interact_with_crafting_table":37,"minecraft:leave_game":18,"minecraft:time_since_death":107050,"minecraft:climb_one_cm":1975,"minecraft:sprint_one_cm":417259,"minecraft:walk_one_cm":363529,"minecraft:damage_blocked_by_shield":410,"minecraft:drop":49,"minecraft:talked_to_villager":1,"minecraft:play_time":182668,"minecraft:deaths":2,"minecraft:sneak_time":7844,"minecraft:walk_under_water_one_cm":19899,"minecraft:boat_one_cm":60743,"minecraft:jump":3288,"minecraft:walk_on_water_one_cm":36700,"minecraft:total_world_time":182668,"minecraft:interact_with_furnace":71,"minecraft:time_since_rest":107070,"minecraft:damage_taken":2785,"minecraft:damage_dealt":19527,"minecraft:swim_one_cm":63984,"minecraft:fly_one_cm":635611,"minecraft:open_chest":24,"minecraft:crouch_one_cm":22790,"minecraft:fall_one_cm":106675,"minecraft:inspect_dispenser":1},"minecraft:dropped":{"minecraft:water_bucket":1,"minecraft:iron_ingot":1,"minecraft:porkchop":1,"minecraft:wheat_seeds":20,"minecraft:crafting_table":1,"minecraft:prismarine_shard":8,"minecraft:feather":4,"minecraft:apple":5,"minecraft:jungle_planks":1,"minecraft:tropical_fish":2,"minecraft:flint":5,"minecraft:stick":1,"minecraft:diorite":3,"minecraft:iron_shovel":1,"minecraft:bucket":1,"minecraft:dandelion":1,"minecraft:bone":9,"minecraft:stone_axe":2,"minecraft:sweet_berries":2,"minecraft:kelp":156,"minecraft:raw_copper":10,"minecraft:wheat":4,"minecraft:rotten_flesh":2,"minecraft:poppy":1,"minecraft:gunpowder":16,"minecraft:oak_sapling":2,"minecraft:bow":2,"minecraft:arrow":1,"minecraft:wooden_pickaxe":1},"minecraft:picked_up":{"minecraft:wooden_axe":1,"minecraft:iron_chestplate":1,"minecraft:crafting_table":9,"minecraft:wheat":4,"minecraft:chicken":5,"minecraft:prismarine_shard":8,"minecraft:enchanted_book":1,"minecraft:brewing_stand":2,"minecraft:shield":1,"minecraft:string":2,"minecraft:raw_copper":10,"minecraft:iron_axe":1,"minecraft:flint_and_steel":1,"minecraft:iron_leggings":1,"minecraft:iron_shovel":1,"minecraft:cobbled_deepslate":47,"minecraft:bucket":2,"minecraft:beef":5,"minecraft:poppy":6,"minecraft:iron_pickaxe":1,"minecraft:melon_slice":28,"minecraft:sugar_cane":2,"minecraft:egg":1,"minecraft:iron_boots":1,"minecraft:furnace":1,"minecraft:stick":16,"minecraft:raw_iron":197,"minecraft:jungle_door":7,"minecraft:torch":7,"minecraft:porkchop":17,"minecraft:diorite":11,"minecraft:carrot":12,"minecraft:redstone":237,"minecraft:rotten_flesh":29,"minecraft:arrow":4,"minecraft:tropical_fish":2,"minecraft:golden_hoe":1,"minecraft:shears":1,"minecraft:hay_block":21,"minecraft:gold_ingot":6,"minecraft:mutton":7,"minecraft:cod":4,"minecraft:cobblestone":153,"minecraft:white_wool":3,"minecraft:feather":14,"minecraft:jungle_boat":4,"minecraft:cooked_beef":1,"minecraft:salmon":6,"minecraft:andesite":6,"minecraft:jungle_log":23,"minecraft:leather":12,"minecraft:potato":2,"minecraft:flint":11,"minecraft:tuff":8,"minecraft:oak_log":99,"minecraft:gunpowder":21,"minecraft:lapis_lazuli":213,"minecraft:dirt":301,"minecraft:bone":15,"minecraft:apple":2,"minecraft:kelp":212,"minecraft:bow":2,"minecraft:wheat_seeds":39,"minecraft:iron_ingot":26,"minecraft:bamboo":72,"minecraft:oak_planks":10,"minecraft:book":1,"minecraft:oak_slab":1,"minecraft:sweet_berries":2,"minecraft:sand":1,"minecraft:dandelion":3,"minecraft:gravel":2,"minecraft:dripstone_block":3,"minecraft:jungle_planks":1,"minecraft:diamond":16,"minecraft:stone_axe":2,"minecraft:iron_helmet":1,"minecraft:granite":12,"minecraft:golden_apple":1,"minecraft:gray_wool":2,"minecraft:emerald":2,"minecraft:bread":29,"minecraft:oak_sapling":21,"minecraft:coal":88},"minecraft:used":{"minecraft:iron_shovel":765,"minecraft:chest":1,"minecraft:shield":15,"minecraft:torch":26,"minecraft:anvil":1,"minecraft:dirt":278,"minecraft:mutton":2,"minecraft:tuff":6,"minecraft:granite":12,"minecraft:wooden_axe":34,"minecraft:lava_bucket":1,"minecraft:iron_axe":247,"minecraft:jungle_log":4,"minecraft:bamboo":22,"minecraft:beef":4,"minecraft:oak_sapling":19,"minecraft:furnace":5,"minecraft:egg":1,"minecraft:cobbled_deepslate":47,"minecraft:water_bucket":5,"minecraft:diorite":6,"minecraft:stone_pickaxe":131,"minecraft:oak_planks":239,"minecraft:wooden_pickaxe":6,"minecraft:jungle_boat":3,"minecraft:sand":1,"minecraft:crafting_table":10,"minecraft:apple":1,"minecraft:bread":41,"minecraft:chicken":2,"minecraft:melon_slice":28,"minecraft:iron_pickaxe":360,"minecraft:gravel":2,"minecraft:stone_axe":103,"minecraft:cobblestone":53,"minecraft:jungle_door":4,"minecraft:bucket":8,"minecraft:andesite":6},"minecraft:crafted":{"minecraft:oak_planks":252,"minecraft:furnace":5,"minecraft:iron_boots":1,"minecraft:iron_axe":2,"minecraft:stone_pickaxe":1,"minecraft:chest":1,"minecraft:wheat":117,"minecraft:crafting_table":4,"minecraft:jungle_boat":1,"minecraft:wooden_pickaxe":2,"minecraft:iron_helmet":1,"minecraft:bucket":1,"minecraft:stone_axe":1,"minecraft:bread":39,"minecraft:air":0,"minecraft:jungle_planks":48,"minecraft:oak_boat":1,"minecraft:jungle_door":3,"minecraft:iron_chestplate":1,"minecraft:yellow_dye":2,"minecraft:shield":1,"minecraft:stick":20,"minecraft:iron_ingot":121,"minecraft:iron_pickaxe":2,"minecraft:wooden_axe":2,"minecraft:iron_block":3,"minecraft:iron_shovel":3,"minecraft:iron_leggings":1,"minecraft:anvil":1,"minecraft:torch":32},"minecraft:killed":{"minecraft:spider":6,"minecraft:horse":5,"minecraft:skeleton":14,"minecraft:chicken":5,"minecraft:pig":7,"minecraft:zombie_villager":1,"minecraft:iron_golem":5,"minecraft:creeper":5,"minecraft:sheep":5,"minecraft:zombie":30,"minecraft:cow":5},"minecraft:killed_by":{"minecraft:witch":1},"minecraft:mined":{"minecraft:tuff":7,"minecraft:oak_sapling":1,"minecraft:deepslate_diamond_ore":10,"minecraft:brewing_stand":1,"minecraft:granite":12,"minecraft:grass_block":245,"minecraft:jungle_log":21,"minecraft:spruce_leaves":5,"minecraft:kelp":19,"minecraft:hay_block":18,"minecraft:tall_seagrass":3,"minecraft:furnace":2,"minecraft:carrots":5,"minecraft:iron_ore":52,"minecraft:cobbled_deepslate":1,"minecraft:andesite":9,"minecraft:deepslate_lapis_ore":21,"minecraft:dirt_path":5,"minecraft:deepslate_iron_ore":93,"minecraft:vine":2,"minecraft:bamboo":4,"minecraft:stone":140,"minecraft:deepslate_redstone_ore":44,"minecraft:jungle_door":3,"minecraft:kelp_plant":82,"minecraft:dandelion":4,"minecraft:crafting_table":8,"minecraft:torch":6,"minecraft:melon":5,"minecraft:tall_grass":15,"minecraft:copper_ore":3,"minecraft:cobblestone":8,"minecraft:deepslate_gold_ore":2,"minecraft:sugar_cane":1,"minecraft:oak_planks":7,"minecraft:diorite":6,"minecraft:wall_torch":1,"minecraft:sweet_berry_bush":1,"minecraft:wheat":3,"minecraft:birch_leaves":1,"minecraft:grass":161,"minecraft:coal_ore":42,"minecraft:oak_log":72,"minecraft:sand":1,"minecraft:dirt":57,"minecraft:oak_leaves":41,"minecraft:deepslate":40,"minecraft:fern":5},"minecraft:broken":{"minecraft:iron_shovel":2,"minecraft:stone_pickaxe":1,"minecraft:iron_axe":1,"minecraft:iron_pickaxe":1}},"DataVersion":3337}