{"stats":{"minecraft:custom":{"minecraft:mob_kills":67,"minecraft:interact_with_crafting_table":32,"minecraft:leave_game":17,"minecraft:time_since_death":51210,"minecraft:climb_one_cm":1975,"minecraft:sprint_one_cm":292608,"minecraft:walk_one_cm":189385,"minecraft:damage_blocked_by_shield":400,"minecraft:drop":35,"minecraft:play_time":126828,"minecraft:deaths":2,"minecraft:sneak_time":6754,"minecraft:walk_under_water_one_cm":18996,"minecraft:boat_one_cm":60743,"minecraft:jump":2429,"minecraft:walk_on_water_one_cm":30044,"minecraft:total_world_time":126828,"minecraft:interact_with_furnace":47,"minecraft:time_since_rest":51230,"minecraft:damage_taken":1987,"minecraft:damage_dealt":11968,"minecraft:swim_one_cm":62838,"minecraft:fly_one_cm":482855,"minecraft:open_chest":9,"minecraft:crouch_one_cm":20777,"minecraft:fall_one_cm":83232,"minecraft:inspect_dispenser":1},"minecraft:dropped":{"minecraft:iron_ingot":1,"minecraft:porkchop":1,"minecraft:wheat_seeds":11,"minecraft:crafting_table":1,"minecraft:feather":4,"minecraft:apple":5,"minecraft:jungle_planks":1,"minecraft:stick":1,"minecraft:flint":5,"minecraft:diorite":3,"minecraft:dandelion":1,"minecraft:bone":2,"minecraft:stone_axe":2,"minecraft:sweet_berries":2,"minecraft:kelp":156,"minecraft:raw_copper":6,"minecraft:rotten_flesh":2,"minecraft:gunpowder":16,"minecraft:arrow":1,"minecraft:bow":2,"minecraft:wooden_pickaxe":1},"minecraft:picked_up":{"minecraft:wooden_axe":1,"minecraft:iron_chestplate":1,"minecraft:crafting_table":8,"minecraft:chicken":5,"minecraft:enchanted_book":1,"minecraft:brewing_stand":2,"minecraft:shield":1,"minecraft:raw_copper":6,"minecraft:iron_axe":1,"minecraft:flint_and_steel":1,"minecraft:iron_leggings":1,"minecraft:cobbled_deepslate":40,"minecraft:beef":5,"minecraft:iron_pickaxe":1,"minecraft:melon_slice":28,"minecraft:sugar_cane":2,"minecraft:egg":1,"minecraft:iron_boots":1,"minecraft:stick":12,"minecraft:raw_iron":139,"minecraft:jungle_door":7,"minecraft:porkchop":17,"minecraft:diorite":9,"minecraft:redstone":78,"minecraft:rotten_flesh":13,"minecraft:arrow":1,"minecraft:golden_hoe":1,"minecraft:hay_block":21,"minecraft:gold_ingot":6,"minecraft:mutton":6,"minecraft:cobblestone":136,"minecraft:white_wool":3,"minecraft:jungle_boat":4,"minecraft:feather":14,"minecraft:jungle_log":23,"minecraft:andesite":5,"minecraft:leather":12,"minecraft:potato":2,"minecraft:flint":11,"minecraft:tuff":5,"minecraft:oak_log":99,"minecraft:gunpowder":19,"minecraft:lapis_lazuli":213,"minecraft:dirt":16,"minecraft:bone":7,"minecraft:apple":1,"minecraft:kelp":212,"minecraft:bow":2,"minecraft:wheat_seeds":13,"minecraft:iron_ingot":4,"minecraft:bamboo":72,"minecraft:oak_planks":7,"minecraft:book":1,"minecraft:sweet_berries":2,"minecraft:dandelion":3,"minecraft:gravel":2,"minecraft:jungle_planks":1,"minecraft:sand":1,"minecraft:stone_axe":2,"minecraft:diamond":16,"minecraft:iron_helmet":1,"minecraft:granite":12,"minecraft:golden_apple":1,"minecraft:gray_wool":1,"minecraft:emerald":2,"minecraft:bread":29,"minecraft:oak_sapling":19,"minecraft:coal":72},"minecraft:used":{"minecraft:chest":1,"minecraft:shield":14,"minecraft:dirt":11,"minecraft:mutton":2,"minecraft:tuff":5,"minecraft:granite":12,"minecraft:wooden_axe":34,"minecraft:iron_axe":166,"minecraft:jungle_log":4,"minecraft:bamboo":22,"minecraft:beef":4,"minecraft:oak_sapling":19,"minecraft:furnace":4,"minecraft:egg":1,"minecraft:cobbled_deepslate":40,"minecraft:diorite":6,"minecraft:stone_pickaxe":131,"minecraft:oak_planks":239,"minecraft:wooden_pickaxe":6,"minecraft:jungle_boat":3,"minecraft:sand":1,"minecraft:crafting_table":9,"minecraft:apple":1,"minecraft:melon_slice":28,"minecraft:chicken":2,"minecraft:bread":25,"minecraft:iron_pickaxe":240,"minecraft:gravel":2,"minecraft:stone_axe":103,"minecraft:cobblestone":36,"minecraft:jungle_door":4,"minecraft:andesite":5},"minecraft:crafted":{"minecraft:oak_planks":244,"minecraft:furnace":4,"minecraft:iron_boots":1,"minecraft:iron_axe":2,"minecraft:stone_pickaxe":1,"minecraft:chest":1,"minecraft:wheat":117,"minecraft:crafting_table":4,"minecraft:jungle_boat":1,"minecraft:wooden_pickaxe":2,"minecraft:iron_helmet":1,"minecraft:stone_axe":1,"minecraft:bread":39,"minecraft:air":0,"minecraft:jungle_planks":48,"minecraft:jungle_door":3,"minecraft:iron_chestplate":1,"minecraft:yellow_dye":2,"minecraft:shield":1,"minecraft:stick":12,"minecraft:iron_ingot":60,"minecraft:iron_pickaxe":2,"minecraft:wooden_axe":2,"minecraft:iron_leggings":1},"minecraft:killed":{"minecraft:spider":6,"minecraft:horse":5,"minecraft:skeleton":13,"minecraft:chicken":5,"minecraft:pig":7,"minecraft:zombie_villager":1,"minecraft:creeper":3,"minecraft:sheep":4,"minecraft:zombie":17,"minecraft:cow":5},"minecraft:killed_by":{"minecraft:witch":1},"minecraft:mined":{"minecraft:tuff":4,"minecraft:oak_sapling":1,"minecraft:deepslate_diamond_ore":10,"minecraft:brewing_stand":1,"minecraft:granite":12,"minecraft:grass_block":9,"minecraft:jungle_log":21,"minecraft:spruce_leaves":5,"minecraft:kelp":19,"minecraft:hay_block":18,"minecraft:tall_seagrass":3,"minecraft:furnace":1,"minecraft:iron_ore":38,"minecraft:andesite":8,"minecraft:deepslate_lapis_ore":21,"minecraft:deepslate_iron_ore":52,"minecraft:vine":2,"minecraft:bamboo":4,"minecraft:stone":131,"minecraft:deepslate_redstone_ore":10,"minecraft:jungle_door":3,"minecraft:kelp_plant":82,"minecraft:dandelion":3,"minecraft:crafting_table":7,"minecraft:melon":5,"minecraft:copper_ore":2,"minecraft:tall_grass":10,"minecraft:cobblestone":1,"minecraft:deepslate_gold_ore":2,"minecraft:sugar_cane":1,"minecraft:oak_planks":7,"minecraft:diorite":6,"minecraft:sweet_berry_bush":1,"minecraft:birch_leaves":1,"minecraft:grass":42,"minecraft:oak_log":72,"minecraft:coal_ore":42,"minecraft:dirt":8,"minecraft:sand":1,"minecraft:oak_leaves":41,"minecraft:deepslate":33,"minecraft:fern":5},"minecraft:broken":{"minecraft:stone_pickaxe":1,"minecraft:iron_axe":1}},"DataVersion":3337}