{"minecraft:recipes/decorations/crafting_table":{"criteria":{"unlock_right_away":"2024-10-20 19:27:32 +0000"},"done":true},"minecraft:adventure/adventuring_time":{"criteria":{"minecraft:cold_ocean":"2024-10-22 19:04:15 +0000","minecraft:old_growth_birch_forest":"2024-10-23 18:46:09 +0000","minecraft:beach":"2024-10-22 19:03:08 +0000","minecraft:forest":"2024-10-22 18:26:23 +0000","minecraft:sparse_jungle":"2024-10-23 18:48:25 +0000","minecraft:ocean":"2024-10-22 19:24:15 +0000","minecraft:jungle":"2024-10-23 18:48:36 +0000","minecraft:sunflower_plains":"2024-10-23 18:44:13 +0000","minecraft:river":"2024-10-22 19:02:09 +0000","minecraft:swamp":"2024-10-22 18:29:36 +0000","minecraft:windswept_gravelly_hills":"2024-10-22 19:01:19 +0000","minecraft:plains":"2024-10-20 19:27:33 +0000"},"done":false},"minecraft:adventure/root":{"criteria":{"killed_something":"2024-10-20 19:41:02 +0000"},"done":true},"minecraft:recipes/transportation/mangrove_boat":{"criteria":{"in_water":"2024-10-20 20:28:16 +0000"},"done":true},"minecraft:recipes/transportation/acacia_boat":{"criteria":{"in_water":"2024-10-20 20:28:16 +0000"},"done":true},"minecraft:recipes/transportation/cherry_boat":{"criteria":{"in_water":"2024-10-20 20:28:16 +0000"},"done":true},"minecraft:recipes/transportation/bamboo_raft":{"criteria":{"in_water":"2024-10-20 20:28:16 +0000"},"done":true},"minecraft:recipes/transportation/spruce_boat":{"criteria":{"in_water":"2024-10-20 20:28:16 +0000"},"done":true},"minecraft:recipes/transportation/birch_boat":{"criteria":{"in_water":"2024-10-20 20:28:16 +0000"},"done":true},"minecraft:recipes/transportation/oak_boat":{"criteria":{"in_water":"2024-10-20 20:28:16 +0000"},"done":true},"minecraft:recipes/transportation/jungle_boat":{"criteria":{"in_water":"2024-10-20 20:28:16 +0000"},"done":true},"minecraft:recipes/transportation/dark_oak_boat":{"criteria":{"in_water":"2024-10-20 20:28:16 +0000"},"done":true},"minecraft:recipes/combat/leather_helmet":{"criteria":{"has_leather":"2024-10-22 18:25:45 +0000"},"done":true},"minecraft:recipes/combat/leather_leggings":{"criteria":{"has_leather":"2024-10-22 18:25:45 +0000"},"done":true},"minecraft:recipes/decorations/item_frame":{"criteria":{"has_leather":"2024-10-22 18:25:45 +0000"},"done":true},"minecraft:recipes/combat/leather_chestplate":{"criteria":{"has_leather":"2024-10-22 18:25:45 +0000"},"done":true},"minecraft:recipes/combat/leather_boots":{"criteria":{"has_leather":"2024-10-22 18:25:45 +0000"},"done":true},"minecraft:recipes/misc/leather_horse_armor":{"criteria":{"has_leather":"2024-10-22 18:25:45 +0000"},"done":true},"minecraft:husbandry/balanced_diet":{"criteria":{"cooked_porkchop":"2024-10-22 19:12:33 +0000","bread":"2024-10-22 18:59:21 +0000","golden_apple":"2024-10-22 19:19:35 +0000","cooked_chicken":"2024-10-22 19:02:12 +0000","cooked_mutton":"2024-10-22 18:59:59 +0000","cooked_beef":"2024-10-22 18:25:52 +0000","baked_potato":"2024-10-22 19:20:11 +0000","golden_carrot":"2024-10-23 19:18:58 +0000"},"done":false},"minecraft:husbandry/root":{"criteria":{"consumed_item":"2024-10-22 18:25:52 +0000"},"done":true},"minecraft:recipes/misc/charcoal":{"criteria":{"has_log":"2024-10-22 18:26:47 +0000"},"done":true},"minecraft:recipes/building_blocks/oak_planks":{"criteria":{"has_logs":"2024-10-22 18:26:47 +0000"},"done":true},"minecraft:recipes/building_blocks/oak_wood":{"criteria":{"has_log":"2024-10-22 18:26:47 +0000"},"done":true},"minecraft:recipes/building_blocks/oak_slab":{"criteria":{"has_planks":"2024-10-22 18:26:56 +0000"},"done":true},"minecraft:recipes/decorations/oak_sign":{"criteria":{"has_planks":"2024-10-22 18:26:56 +0000"},"done":true},"minecraft:recipes/redstone/oak_trapdoor":{"criteria":{"has_planks":"2024-10-22 18:26:56 +0000"},"done":true},"minecraft:recipes/redstone/oak_fence_gate":{"criteria":{"has_planks":"2024-10-22 18:26:56 +0000"},"done":true},"minecraft:recipes/redstone/oak_pressure_plate":{"criteria":{"has_planks":"2024-10-22 18:26:56 +0000"},"done":true},"minecraft:recipes/redstone/oak_door":{"criteria":{"has_planks":"2024-10-22 18:26:56 +0000"},"done":true},"minecraft:recipes/misc/stick":{"criteria":{"has_planks":"2024-10-22 18:26:56 +0000"},"done":true},"minecraft:recipes/building_blocks/oak_stairs":{"criteria":{"has_planks":"2024-10-22 18:26:56 +0000"},"done":true},"minecraft:recipes/decorations/oak_fence":{"criteria":{"has_planks":"2024-10-22 18:26:56 +0000"},"done":true},"minecraft:recipes/decorations/barrel":{"criteria":{"has_planks":"2024-10-22 18:26:56 +0000"},"done":true},"minecraft:recipes/redstone/oak_button":{"criteria":{"has_planks":"2024-10-22 18:26:56 +0000"},"done":true},"minecraft:recipes/decorations/ladder":{"criteria":{"has_stick":"2024-10-22 18:26:58 +0000"},"done":true},"minecraft:recipes/decorations/campfire":{"criteria":{"has_stick":"2024-10-22 18:26:58 +0000"},"done":true},"minecraft:recipes/tools/wooden_hoe":{"criteria":{"has_stick":"2024-10-22 18:26:58 +0000"},"done":true},"minecraft:recipes/tools/wooden_pickaxe":{"criteria":{"has_stick":"2024-10-22 18:26:58 +0000"},"done":true},"minecraft:recipes/tools/wooden_axe":{"criteria":{"has_stick":"2024-10-22 18:26:58 +0000"},"done":true},"minecraft:recipes/tools/wooden_shovel":{"criteria":{"has_stick":"2024-10-22 18:26:58 +0000"},"done":true},"minecraft:recipes/combat/wooden_sword":{"criteria":{"has_stick":"2024-10-22 18:26:58 +0000"},"done":true},"minecraft:story/root":{"criteria":{"crafting_table":"2024-10-22 18:26:58 +0000"},"done":true},"minecraft:recipes/redstone/lever":{"criteria":{"has_cobblestone":"2024-10-22 18:27:28 +0000"},"done":true},"minecraft:recipes/combat/stone_sword":{"criteria":{"has_cobblestone":"2024-10-22 18:27:28 +0000"},"done":true},"minecraft:recipes/decorations/cobblestone_wall":{"criteria":{"has_cobblestone":"2024-10-22 18:27:28 +0000"},"done":true},"minecraft:recipes/tools/stone_pickaxe":{"criteria":{"has_cobblestone":"2024-10-22 18:27:28 +0000"},"done":true},"minecraft:recipes/tools/stone_axe":{"criteria":{"has_cobblestone":"2024-10-22 18:27:28 +0000"},"done":true},"minecraft:story/mine_stone":{"criteria":{"get_stone":"2024-10-22 18:27:28 +0000"},"done":true},"minecraft:recipes/decorations/furnace":{"criteria":{"has_cobblestone":"2024-10-22 18:27:28 +0000"},"done":true},"minecraft:recipes/building_blocks/cobblestone_slab":{"criteria":{"has_cobblestone":"2024-10-22 18:27:28 +0000"},"done":true},"minecraft:recipes/building_blocks/cobblestone_slab_from_cobblestone_stonecutting":{"criteria":{"has_cobblestone":"2024-10-22 18:27:28 +0000"},"done":true},"minecraft:recipes/building_blocks/stone":{"criteria":{"has_cobblestone":"2024-10-22 18:27:28 +0000"},"done":true},"minecraft:recipes/decorations/cobblestone_wall_from_cobblestone_stonecutting":{"criteria":{"has_cobblestone":"2024-10-22 18:27:28 +0000"},"done":true},"minecraft:recipes/building_blocks/cobblestone_stairs_from_cobblestone_stonecutting":{"criteria":{"has_cobblestone":"2024-10-22 18:27:28 +0000"},"done":true},"minecraft:recipes/building_blocks/cobblestone_stairs":{"criteria":{"has_cobblestone":"2024-10-22 18:27:28 +0000"},"done":true},"minecraft:recipes/tools/stone_hoe":{"criteria":{"has_cobblestone":"2024-10-22 18:27:28 +0000"},"done":true},"minecraft:recipes/tools/stone_shovel":{"criteria":{"has_cobblestone":"2024-10-22 18:27:28 +0000"},"done":true},"minecraft:recipes/decorations/torch":{"criteria":{"has_stone_pickaxe":"2024-10-22 18:28:46 +0000"},"done":true},"minecraft:story/upgrade_tools":{"criteria":{"stone_pickaxe":"2024-10-22 18:28:46 +0000"},"done":true},"minecraft:recipes/decorations/chest":{"criteria":{"has_lots_of_items":"2024-10-22 18:28:51 +0000"},"done":true},"minecraft:recipes/misc/iron_ingot_from_smelting_raw_iron":{"criteria":{"has_raw_iron":"2024-10-22 18:29:42 +0000"},"done":true},"minecraft:recipes/building_blocks/raw_iron_block":{"criteria":{"has_raw_iron":"2024-10-22 18:29:42 +0000"},"done":true},"minecraft:recipes/misc/iron_ingot_from_blasting_raw_iron":{"criteria":{"has_raw_iron":"2024-10-22 18:29:42 +0000"},"done":true},"minecraft:recipes/building_blocks/polished_deepslate":{"criteria":{"has_cobbled_deepslate":"2024-10-22 18:31:21 +0000"},"done":true},"minecraft:recipes/building_blocks/deepslate_tile_stairs_from_cobbled_deepslate_stonecutting":{"criteria":{"has_cobbled_deepslate":"2024-10-22 18:31:21 +0000"},"done":true},"minecraft:recipes/decorations/deepslate_brick_wall_from_cobbled_deepslate_stonecutting":{"criteria":{"has_cobbled_deepslate":"2024-10-22 18:31:21 +0000"},"done":true},"minecraft:recipes/building_blocks/polished_deepslate_from_cobbled_deepslate_stonecutting":{"criteria":{"has_cobbled_deepslate":"2024-10-22 18:31:21 +0000"},"done":true},"minecraft:recipes/building_blocks/polished_deepslate_slab_from_cobbled_deepslate_stonecutting":{"criteria":{"has_cobbled_deepslate":"2024-10-22 18:31:21 +0000"},"done":true},"minecraft:recipes/building_blocks/deepslate_brick_stairs_from_cobbled_deepslate_stonecutting":{"criteria":{"has_cobbled_deepslate":"2024-10-22 18:31:21 +0000"},"done":true},"minecraft:recipes/building_blocks/deepslate_brick_slab_from_cobbled_deepslate_stonecutting":{"criteria":{"has_cobbled_deepslate":"2024-10-22 18:31:21 +0000"},"done":true},"minecraft:recipes/building_blocks/cobbled_deepslate_slab_from_cobbled_deepslate_stonecutting":{"criteria":{"has_cobbled_deepslate":"2024-10-22 18:31:21 +0000"},"done":true},"minecraft:recipes/building_blocks/deepslate_tile_slab_from_cobbled_deepslate_stonecutting":{"criteria":{"has_cobbled_deepslate":"2024-10-22 18:31:21 +0000"},"done":true},"minecraft:recipes/building_blocks/cobbled_deepslate_stairs":{"criteria":{"has_cobbled_deepslate":"2024-10-22 18:31:21 +0000"},"done":true},"minecraft:recipes/building_blocks/chiseled_deepslate_from_cobbled_deepslate_stonecutting":{"criteria":{"has_cobbled_deepslate":"2024-10-22 18:31:21 +0000"},"done":true},"minecraft:recipes/building_blocks/cobbled_deepslate_slab":{"criteria":{"has_cobbled_deepslate":"2024-10-22 18:31:21 +0000"},"done":true},"minecraft:recipes/decorations/cobbled_deepslate_wall_from_cobbled_deepslate_stonecutting":{"criteria":{"has_cobbled_deepslate":"2024-10-22 18:31:21 +0000"},"done":true},"minecraft:recipes/decorations/deepslate_tile_wall_from_cobbled_deepslate_stonecutting":{"criteria":{"has_cobbled_deepslate":"2024-10-22 18:31:21 +0000"},"done":true},"minecraft:recipes/decorations/cobbled_deepslate_wall":{"criteria":{"has_cobbled_deepslate":"2024-10-22 18:31:21 +0000"},"done":true},"minecraft:recipes/decorations/polished_deepslate_wall_from_cobbled_deepslate_stonecutting":{"criteria":{"has_cobbled_deepslate":"2024-10-22 18:31:21 +0000"},"done":true},"minecraft:recipes/building_blocks/deepslate_bricks_from_cobbled_deepslate_stonecutting":{"criteria":{"has_cobbled_deepslate":"2024-10-22 18:31:21 +0000"},"done":true},"minecraft:recipes/building_blocks/deepslate_tiles_from_cobbled_deepslate_stonecutting":{"criteria":{"has_cobbled_deepslate":"2024-10-22 18:31:21 +0000"},"done":true},"minecraft:recipes/building_blocks/cobbled_deepslate_stairs_from_cobbled_deepslate_stonecutting":{"criteria":{"has_cobbled_deepslate":"2024-10-22 18:31:21 +0000"},"done":true},"minecraft:recipes/building_blocks/deepslate":{"criteria":{"has_cobbled_deepslate":"2024-10-22 18:31:21 +0000"},"done":true},"minecraft:recipes/building_blocks/polished_deepslate_stairs_from_cobbled_deepslate_stonecutting":{"criteria":{"has_cobbled_deepslate":"2024-10-22 18:31:21 +0000"},"done":true},"minecraft:recipes/building_blocks/coal_block":{"criteria":{"has_coal":"2024-10-22 18:31:37 +0000"},"done":true},"minecraft:recipes/decorations/smoker":{"criteria":{"has_furnace":"2024-10-22 18:31:57 +0000"},"done":true},"minecraft:recipes/misc/blue_dye":{"criteria":{"has_lapis_lazuli":"2024-10-22 18:32:06 +0000"},"done":true},"minecraft:recipes/building_blocks/lapis_block":{"criteria":{"has_lapis_lazuli":"2024-10-22 18:32:06 +0000"},"done":true},"minecraft:recipes/combat/iron_sword":{"criteria":{"has_iron_ingot":"2024-10-22 18:32:15 +0000"},"done":true},"minecraft:recipes/tools/iron_pickaxe":{"criteria":{"has_iron_ingot":"2024-10-22 18:32:15 +0000"},"done":true},"minecraft:recipes/combat/iron_leggings":{"criteria":{"has_iron_ingot":"2024-10-22 18:32:15 +0000"},"done":true},"minecraft:recipes/combat/shield":{"criteria":{"has_iron_ingot":"2024-10-22 18:32:15 +0000"},"done":true},"minecraft:recipes/redstone/hopper":{"criteria":{"has_iron_ingot":"2024-10-22 18:32:15 +0000"},"done":true},"minecraft:recipes/decorations/iron_bars":{"criteria":{"has_iron_ingot":"2024-10-22 18:32:15 +0000"},"done":true},"minecraft:recipes/combat/iron_boots":{"criteria":{"has_iron_ingot":"2024-10-22 18:32:15 +0000"},"done":true},"minecraft:recipes/combat/iron_chestplate":{"criteria":{"has_iron_ingot":"2024-10-22 18:32:15 +0000"},"done":true},"minecraft:recipes/decorations/lantern":{"criteria":{"has_iron_ingot":"2024-10-22 18:32:15 +0000"},"done":true},"minecraft:recipes/misc/iron_nugget":{"criteria":{"has_iron_ingot":"2024-10-22 18:32:15 +0000"},"done":true},"minecraft:recipes/misc/bucket":{"criteria":{"has_iron_ingot":"2024-10-22 18:32:15 +0000"},"done":true},"minecraft:recipes/combat/iron_helmet":{"criteria":{"has_iron_ingot":"2024-10-22 18:32:15 +0000"},"done":true},"minecraft:recipes/transportation/minecart":{"criteria":{"has_iron_ingot":"2024-10-22 18:32:15 +0000"},"done":true},"minecraft:recipes/tools/iron_hoe":{"criteria":{"has_iron_ingot":"2024-10-22 18:32:15 +0000"},"done":true},"minecraft:recipes/tools/iron_shovel":{"criteria":{"has_iron_ingot":"2024-10-22 18:32:15 +0000"},"done":true},"minecraft:story/smelt_iron":{"criteria":{"iron":"2024-10-22 18:32:15 +0000"},"done":true},"minecraft:recipes/tools/shears":{"criteria":{"has_iron_ingot":"2024-10-22 18:32:15 +0000"},"done":true},"minecraft:recipes/redstone/iron_trapdoor":{"criteria":{"has_iron_ingot":"2024-10-22 18:32:15 +0000"},"done":true},"minecraft:recipes/decorations/chain":{"criteria":{"has_iron_ingot":"2024-10-22 18:32:15 +0000"},"done":true},"minecraft:recipes/building_blocks/iron_block":{"criteria":{"has_iron_ingot":"2024-10-22 18:32:15 +0000"},"done":true},"minecraft:recipes/tools/iron_axe":{"criteria":{"has_iron_ingot":"2024-10-22 18:32:15 +0000"},"done":true},"minecraft:recipes/combat/crossbow":{"criteria":{"has_iron_ingot":"2024-10-22 18:32:15 +0000"},"done":true},"minecraft:recipes/decorations/smithing_table":{"criteria":{"has_iron_ingot":"2024-10-22 18:32:15 +0000"},"done":true},"minecraft:recipes/redstone/iron_door":{"criteria":{"has_iron_ingot":"2024-10-22 18:32:15 +0000"},"done":true},"minecraft:recipes/redstone/heavy_weighted_pressure_plate":{"criteria":{"has_iron_ingot":"2024-10-22 18:32:15 +0000"},"done":true},"minecraft:recipes/combat/diamond_leggings":{"criteria":{"has_diamond":"2024-10-22 18:33:00 +0000"},"done":true},"minecraft:recipes/combat/diamond_sword":{"criteria":{"has_diamond":"2024-10-22 18:33:00 +0000"},"done":true},"minecraft:recipes/decorations/jukebox":{"criteria":{"has_diamond":"2024-10-22 18:33:00 +0000"},"done":true},"minecraft:recipes/combat/diamond_chestplate":{"criteria":{"has_diamond":"2024-10-22 18:33:00 +0000"},"done":true},"minecraft:recipes/combat/diamond_helmet":{"criteria":{"has_diamond":"2024-10-22 18:33:00 +0000"},"done":true},"minecraft:recipes/tools/diamond_pickaxe":{"criteria":{"has_diamond":"2024-10-22 18:33:00 +0000"},"done":true},"minecraft:recipes/building_blocks/diamond_block":{"criteria":{"has_diamond":"2024-10-22 18:33:00 +0000"},"done":true},"minecraft:recipes/tools/diamond_hoe":{"criteria":{"has_diamond":"2024-10-22 18:33:00 +0000"},"done":true},"minecraft:recipes/tools/diamond_shovel":{"criteria":{"has_diamond":"2024-10-22 18:33:00 +0000"},"done":true},"minecraft:story/mine_diamond":{"criteria":{"diamond":"2024-10-22 18:33:00 +0000"},"done":true},"minecraft:recipes/tools/diamond_axe":{"criteria":{"has_diamond":"2024-10-22 18:33:00 +0000"},"done":true},"minecraft:recipes/combat/diamond_boots":{"criteria":{"has_diamond":"2024-10-22 18:33:00 +0000"},"done":true},"minecraft:recipes/building_blocks/andesite_stairs_from_andesite_stonecutting":{"criteria":{"has_andesite":"2024-10-22 18:33:09 +0000"},"done":true},"minecraft:recipes/building_blocks/andesite_stairs":{"criteria":{"has_andesite":"2024-10-22 18:33:09 +0000"},"done":true},"minecraft:recipes/building_blocks/polished_andesite_from_andesite_stonecutting":{"criteria":{"has_andesite":"2024-10-22 18:33:09 +0000"},"done":true},"minecraft:recipes/building_blocks/polished_andesite":{"criteria":{"has_andesite":"2024-10-22 18:33:09 +0000"},"done":true},"minecraft:recipes/decorations/andesite_wall_from_andesite_stonecutting":{"criteria":{"has_andesite":"2024-10-22 18:33:09 +0000"},"done":true},"minecraft:recipes/building_blocks/polished_andesite_slab_from_andesite_stonecutting":{"criteria":{"has_andesite":"2024-10-22 18:33:09 +0000"},"done":true},"minecraft:recipes/decorations/andesite_wall":{"criteria":{"has_andesite":"2024-10-22 18:33:09 +0000"},"done":true},"minecraft:recipes/building_blocks/andesite_slab":{"criteria":{"has_andesite":"2024-10-22 18:33:09 +0000"},"done":true},"minecraft:recipes/building_blocks/polished_andesite_stairs_from_andesite_stonecutting":{"criteria":{"has_andesite":"2024-10-22 18:33:09 +0000"},"done":true},"minecraft:recipes/building_blocks/andesite_slab_from_andesite_stonecutting":{"criteria":{"has_andesite":"2024-10-22 18:33:09 +0000"},"done":true},"minecraft:story/obtain_armor":{"criteria":{"iron_chestplate":"2024-10-22 18:33:23 +0000"},"done":true},"minecraft:recipes/misc/iron_nugget_from_smelting":{"criteria":{"has_iron_chestplate":"2024-10-22 18:33:23 +0000"},"done":true},"minecraft:recipes/misc/iron_nugget_from_blasting":{"criteria":{"has_iron_chestplate":"2024-10-22 18:33:23 +0000"},"done":true},"minecraft:story/iron_tools":{"criteria":{"iron_pickaxe":"2024-10-22 18:33:55 +0000"},"done":true},"minecraft:recipes/redstone/redstone_torch":{"criteria":{"has_redstone":"2024-10-22 18:44:18 +0000"},"done":true},"minecraft:recipes/tools/clock":{"criteria":{"has_redstone":"2024-10-22 18:44:18 +0000"},"done":true},"minecraft:recipes/redstone/dropper":{"criteria":{"has_redstone":"2024-10-22 18:44:18 +0000"},"done":true},"minecraft:recipes/redstone/redstone_block":{"criteria":{"has_redstone":"2024-10-22 18:44:18 +0000"},"done":true},"minecraft:recipes/redstone/note_block":{"criteria":{"has_redstone":"2024-10-22 18:44:18 +0000"},"done":true},"minecraft:recipes/redstone/target":{"criteria":{"has_redstone":"2024-10-22 18:44:18 +0000"},"done":true},"minecraft:recipes/tools/compass":{"criteria":{"has_redstone":"2024-10-22 18:44:18 +0000"},"done":true},"minecraft:recipes/redstone/piston":{"criteria":{"has_redstone":"2024-10-22 18:44:18 +0000"},"done":true},"minecraft:recipes/misc/gold_ingot_from_smelting_raw_gold":{"criteria":{"has_raw_gold":"2024-10-22 18:45:22 +0000"},"done":true},"minecraft:recipes/building_blocks/raw_gold_block":{"criteria":{"has_raw_gold":"2024-10-22 18:45:22 +0000"},"done":true},"minecraft:recipes/misc/gold_ingot_from_blasting_raw_gold":{"criteria":{"has_raw_gold":"2024-10-22 18:45:22 +0000"},"done":true},"minecraft:adventure/kill_all_mobs":{"criteria":{"minecraft:pillager":"2024-10-22 19:04:12 +0000","minecraft:skeleton":"2024-10-22 18:46:19 +0000","minecraft:vindicator":"2024-10-22 19:06:43 +0000","minecraft:silverfish":"2024-10-22 19:27:05 +0000","minecraft:witch":"2024-10-23 19:18:14 +0000","minecraft:spider":"2024-10-22 18:57:03 +0000","minecraft:vex":"2024-10-23 19:12:43 +0000","minecraft:zombie":"2024-10-22 18:55:13 +0000","minecraft:drowned":"2024-10-23 18:47:13 +0000","minecraft:ravager":"2024-10-23 19:10:21 +0000","minecraft:slime":"2024-10-22 19:00:19 +0000","minecraft:evoker":"2024-10-23 19:13:19 +0000"},"done":false},"minecraft:adventure/kill_a_mob":{"criteria":{"minecraft:skeleton":"2024-10-22 18:46:19 +0000"},"done":true},"minecraft:recipes/misc/bone_meal":{"criteria":{"has_bone":"2024-10-22 18:46:21 +0000"},"done":true},"minecraft:recipes/misc/firework_rocket_simple":{"criteria":{"has_gunpowder":"2024-10-22 18:47:44 +0000"},"done":true},"minecraft:recipes/redstone/tnt":{"criteria":{"has_gunpowder":"2024-10-22 18:47:44 +0000"},"done":true},"minecraft:recipes/decorations/mossy_cobblestone_wall":{"criteria":{"has_mossy_cobblestone":"2024-10-22 18:48:37 +0000"},"done":true},"minecraft:recipes/building_blocks/mossy_cobblestone_slab_from_mossy_cobblestone_stonecutting":{"criteria":{"has_mossy_cobblestone":"2024-10-22 18:48:37 +0000"},"done":true},"minecraft:recipes/building_blocks/mossy_cobblestone_stairs_from_mossy_cobblestone_stonecutting":{"criteria":{"has_mossy_cobblestone":"2024-10-22 18:48:37 +0000"},"done":true},"minecraft:recipes/decorations/mossy_cobblestone_wall_from_mossy_cobblestone_stonecutting":{"criteria":{"has_mossy_cobblestone":"2024-10-22 18:48:37 +0000"},"done":true},"minecraft:recipes/building_blocks/mossy_cobblestone_slab":{"criteria":{"has_mossy_cobblestone":"2024-10-22 18:48:37 +0000"},"done":true},"minecraft:recipes/building_blocks/mossy_cobblestone_stairs":{"criteria":{"has_mossy_cobblestone":"2024-10-22 18:48:37 +0000"},"done":true},"minecraft:recipes/building_blocks/lime_concrete_powder":{"criteria":{"has_gravel":"2024-10-22 18:49:17 +0000"},"done":true},"minecraft:recipes/building_blocks/coarse_dirt":{"criteria":{"has_gravel":"2024-10-22 18:49:17 +0000"},"done":true},"minecraft:recipes/building_blocks/light_gray_concrete_powder":{"criteria":{"has_gravel":"2024-10-22 18:49:17 +0000"},"done":true},"minecraft:recipes/building_blocks/pink_concrete_powder":{"criteria":{"has_gravel":"2024-10-22 18:49:17 +0000"},"done":true},"minecraft:recipes/building_blocks/orange_concrete_powder":{"criteria":{"has_gravel":"2024-10-22 18:49:17 +0000"},"done":true},"minecraft:recipes/building_blocks/red_concrete_powder":{"criteria":{"has_gravel":"2024-10-22 18:49:17 +0000"},"done":true},"minecraft:recipes/building_blocks/magenta_concrete_powder":{"criteria":{"has_gravel":"2024-10-22 18:49:17 +0000"},"done":true},"minecraft:recipes/building_blocks/brown_concrete_powder":{"criteria":{"has_gravel":"2024-10-22 18:49:17 +0000"},"done":true},"minecraft:recipes/building_blocks/light_blue_concrete_powder":{"criteria":{"has_gravel":"2024-10-22 18:49:17 +0000"},"done":true},"minecraft:recipes/building_blocks/green_concrete_powder":{"criteria":{"has_gravel":"2024-10-22 18:49:17 +0000"},"done":true},"minecraft:recipes/building_blocks/blue_concrete_powder":{"criteria":{"has_gravel":"2024-10-22 18:49:17 +0000"},"done":true},"minecraft:recipes/building_blocks/yellow_concrete_powder":{"criteria":{"has_gravel":"2024-10-22 18:49:17 +0000"},"done":true},"minecraft:recipes/building_blocks/white_concrete_powder":{"criteria":{"has_gravel":"2024-10-22 18:49:17 +0000"},"done":true},"minecraft:recipes/building_blocks/gray_concrete_powder":{"criteria":{"has_gravel":"2024-10-22 18:49:17 +0000"},"done":true},"minecraft:recipes/building_blocks/black_concrete_powder":{"criteria":{"has_gravel":"2024-10-22 18:49:17 +0000"},"done":true},"minecraft:recipes/building_blocks/purple_concrete_powder":{"criteria":{"has_gravel":"2024-10-22 18:49:17 +0000"},"done":true},"minecraft:recipes/building_blocks/cyan_concrete_powder":{"criteria":{"has_gravel":"2024-10-22 18:49:17 +0000"},"done":true},"minecraft:recipes/building_blocks/chiseled_tuff_bricks_from_tuff_stonecutting":{"criteria":{"has_tuff":"2024-10-22 18:51:25 +0000"},"done":true},"minecraft:recipes/building_blocks/tuff_bricks_from_tuff_stonecutting":{"criteria":{"has_tuff":"2024-10-22 18:51:25 +0000"},"done":true},"minecraft:recipes/building_blocks/tuff_slab":{"criteria":{"has_tuff":"2024-10-22 18:51:25 +0000"},"done":true},"minecraft:recipes/building_blocks/tuff_brick_slab_from_tuff_stonecutting":{"criteria":{"has_tuff":"2024-10-22 18:51:25 +0000"},"done":true},"minecraft:recipes/decorations/polished_tuff_wall_from_tuff_stonecutting":{"criteria":{"has_tuff":"2024-10-22 18:51:25 +0000"},"done":true},"minecraft:recipes/decorations/tuff_wall":{"criteria":{"has_tuff":"2024-10-22 18:51:25 +0000"},"done":true},"minecraft:recipes/building_blocks/polished_tuff_slab_from_tuff_stonecutting":{"criteria":{"has_tuff":"2024-10-22 18:51:25 +0000"},"done":true},"minecraft:recipes/decorations/tuff_wall_from_tuff_stonecutting":{"criteria":{"has_tuff":"2024-10-22 18:51:25 +0000"},"done":true},"minecraft:recipes/building_blocks/tuff_stairs":{"criteria":{"has_tuff":"2024-10-22 18:51:25 +0000"},"done":true},"minecraft:recipes/decorations/tuff_brick_wall_from_tuff_stonecutting":{"criteria":{"has_tuff":"2024-10-22 18:51:25 +0000"},"done":true},"minecraft:recipes/building_blocks/chiseled_tuff_from_tuff_stonecutting":{"criteria":{"has_tuff":"2024-10-22 18:51:25 +0000"},"done":true},"minecraft:recipes/building_blocks/polished_tuff_stairs_from_tuff_stonecutting":{"criteria":{"has_tuff":"2024-10-22 18:51:25 +0000"},"done":true},"minecraft:recipes/building_blocks/tuff_stairs_from_tuff_stonecutting":{"criteria":{"has_tuff":"2024-10-22 18:51:25 +0000"},"done":true},"minecraft:recipes/building_blocks/tuff_brick_stairs_from_tuff_stonecutting":{"criteria":{"has_tuff":"2024-10-22 18:51:25 +0000"},"done":true},"minecraft:recipes/building_blocks/polished_tuff":{"criteria":{"has_tuff":"2024-10-22 18:51:25 +0000"},"done":true},"minecraft:recipes/building_blocks/tuff_slab_from_tuff_stonecutting":{"criteria":{"has_tuff":"2024-10-22 18:51:25 +0000"},"done":true},"minecraft:recipes/building_blocks/polished_tuff_from_tuff_stonecutting":{"criteria":{"has_tuff":"2024-10-22 18:51:25 +0000"},"done":true},"minecraft:recipes/building_blocks/diorite_stairs_from_diorite_stonecutting":{"criteria":{"has_diorite":"2024-10-22 18:53:20 +0000"},"done":true},"minecraft:recipes/building_blocks/polished_diorite":{"criteria":{"has_diorite":"2024-10-22 18:53:20 +0000"},"done":true},"minecraft:recipes/building_blocks/diorite_slab":{"criteria":{"has_diorite":"2024-10-22 18:53:20 +0000"},"done":true},"minecraft:recipes/decorations/diorite_wall_from_diorite_stonecutting":{"criteria":{"has_diorite":"2024-10-22 18:53:20 +0000"},"done":true},"minecraft:recipes/building_blocks/andesite":{"criteria":{"has_stone":"2024-10-22 18:53:20 +0000"},"done":true},"minecraft:recipes/building_blocks/polished_diorite_from_diorite_stonecutting":{"criteria":{"has_diorite":"2024-10-22 18:53:20 +0000"},"done":true},"minecraft:recipes/decorations/diorite_wall":{"criteria":{"has_diorite":"2024-10-22 18:53:20 +0000"},"done":true},"minecraft:recipes/building_blocks/diorite_slab_from_diorite_stonecutting":{"criteria":{"has_diorite":"2024-10-22 18:53:20 +0000"},"done":true},"minecraft:recipes/building_blocks/polished_diorite_slab_from_diorite_stonecutting":{"criteria":{"has_diorite":"2024-10-22 18:53:20 +0000"},"done":true},"minecraft:recipes/building_blocks/polished_diorite_stairs_from_diorite_stonecutting":{"criteria":{"has_diorite":"2024-10-22 18:53:20 +0000"},"done":true},"minecraft:recipes/building_blocks/diorite_stairs":{"criteria":{"has_diorite":"2024-10-22 18:53:20 +0000"},"done":true},"minecraft:recipes/misc/iron_ingot_from_nuggets":{"criteria":{"has_iron_nugget":"2024-10-22 18:57:45 +0000"},"done":true},"minecraft:recipes/misc/gold_nugget_from_smelting":{"criteria":{"has_golden_leggings":"2024-10-22 18:57:49 +0000"},"done":true},"enchantplus:list":{"criteria":{"requirement":"2024-10-22 18:57:49 +0000"},"done":true},"minecraft:recipes/misc/gold_nugget_from_blasting":{"criteria":{"has_golden_leggings":"2024-10-22 18:57:49 +0000"},"done":true},"enchantplus:armor/life_plus":{"criteria":{"requirement":"2024-10-22 18:57:49 +0000"},"done":true},"minecraft:recipes/tools/flint_and_steel":{"criteria":{"has_obsidian":"2024-10-22 18:58:03 +0000"},"done":true},"minecraft:story/form_obsidian":{"criteria":{"obsidian":"2024-10-22 18:58:03 +0000"},"done":true},"minecraft:recipes/decorations/enchanting_table":{"criteria":{"has_obsidian":"2024-10-22 18:58:03 +0000"},"done":true},"minecraft:recipes/brewing/fermented_spider_eye":{"criteria":{"has_spider_eye":"2024-10-22 18:58:38 +0000"},"done":true},"minecraft:recipes/redstone/sticky_piston":{"criteria":{"has_slime_ball":"2024-10-22 19:00:26 +0000"},"done":true},"minecraft:recipes/redstone/slime_block":{"criteria":{"has_slime_ball":"2024-10-22 19:00:26 +0000"},"done":true},"minecraft:recipes/tools/lead":{"criteria":{"has_slime_ball":"2024-10-22 19:00:26 +0000"},"done":true},"minecraft:recipes/brewing/cauldron":{"criteria":{"has_water_bucket":"2024-10-22 19:02:36 +0000"},"done":true},"minecraft:recipes/transportation/dark_oak_chest_boat":{"criteria":{"has_boat":"2024-10-22 19:02:52 +0000"},"done":true},"minecraft:recipes/transportation/bamboo_chest_raft":{"criteria":{"has_boat":"2024-10-22 19:02:52 +0000"},"done":true},"minecraft:recipes/transportation/spruce_chest_boat":{"criteria":{"has_boat":"2024-10-22 19:02:52 +0000"},"done":true},"minecraft:recipes/transportation/jungle_chest_boat":{"criteria":{"has_boat":"2024-10-22 19:02:52 +0000"},"done":true},"minecraft:recipes/transportation/acacia_chest_boat":{"criteria":{"has_boat":"2024-10-22 19:02:52 +0000"},"done":true},"minecraft:recipes/transportation/mangrove_chest_boat":{"criteria":{"has_boat":"2024-10-22 19:02:52 +0000"},"done":true},"minecraft:recipes/transportation/oak_chest_boat":{"criteria":{"has_boat":"2024-10-22 19:02:52 +0000"},"done":true},"minecraft:recipes/transportation/cherry_chest_boat":{"criteria":{"has_boat":"2024-10-22 19:02:52 +0000"},"done":true},"minecraft:recipes/transportation/birch_chest_boat":{"criteria":{"has_boat":"2024-10-22 19:02:52 +0000"},"done":true},"minecraft:story/deflect_arrow":{"criteria":{"deflected_projectile":"2024-10-22 19:04:44 +0000"},"done":true},"minecraft:recipes/building_blocks/bookshelf":{"criteria":{"has_book":"2024-10-22 19:06:10 +0000"},"done":true},"minecraft:recipes/redstone/lectern":{"criteria":{"has_book":"2024-10-22 19:06:10 +0000"},"done":true},"minecraft:recipes/building_blocks/chiseled_bookshelf":{"criteria":{"has_book":"2024-10-22 19:06:10 +0000"},"done":true},"minecraft:recipes/misc/writable_book":{"criteria":{"has_book":"2024-10-22 19:06:10 +0000"},"done":true},"minecraft:recipes/redstone/spruce_button":{"criteria":{"has_planks":"2024-10-22 19:07:40 +0000"},"done":true},"minecraft:recipes/redstone/spruce_pressure_plate":{"criteria":{"has_planks":"2024-10-22 19:07:40 +0000"},"done":true},"minecraft:recipes/decorations/spruce_sign":{"criteria":{"has_planks":"2024-10-22 19:07:40 +0000"},"done":true},"minecraft:recipes/redstone/spruce_trapdoor":{"criteria":{"has_planks":"2024-10-22 19:07:40 +0000"},"done":true},"minecraft:recipes/redstone/spruce_door":{"criteria":{"has_planks":"2024-10-22 19:07:40 +0000"},"done":true},"minecraft:recipes/redstone/spruce_fence_gate":{"criteria":{"has_planks":"2024-10-22 19:07:40 +0000"},"done":true},"minecraft:recipes/decorations/spruce_fence":{"criteria":{"has_planks":"2024-10-22 19:07:40 +0000"},"done":true},"minecraft:recipes/building_blocks/spruce_stairs":{"criteria":{"has_planks":"2024-10-22 19:07:40 +0000"},"done":true},"minecraft:recipes/building_blocks/spruce_slab":{"criteria":{"has_planks":"2024-10-22 19:07:40 +0000"},"done":true},"minecraft:recipes/building_blocks/emerald_block":{"criteria":{"has_emerald":"2024-10-22 19:08:57 +0000"},"done":true},"minecraft:recipes/redstone/birch_button":{"criteria":{"has_planks":"2024-10-22 19:13:08 +0000"},"done":true},"minecraft:recipes/redstone/birch_door":{"criteria":{"has_planks":"2024-10-22 19:13:08 +0000"},"done":true},"minecraft:recipes/decorations/birch_fence":{"criteria":{"has_planks":"2024-10-22 19:13:08 +0000"},"done":true},"minecraft:recipes/redstone/birch_trapdoor":{"criteria":{"has_planks":"2024-10-22 19:13:08 +0000"},"done":true},"minecraft:recipes/decorations/birch_sign":{"criteria":{"has_planks":"2024-10-22 19:13:08 +0000"},"done":true},"minecraft:recipes/redstone/birch_fence_gate":{"criteria":{"has_planks":"2024-10-22 19:13:08 +0000"},"done":true},"minecraft:recipes/redstone/birch_pressure_plate":{"criteria":{"has_planks":"2024-10-22 19:13:08 +0000"},"done":true},"minecraft:recipes/building_blocks/birch_slab":{"criteria":{"has_planks":"2024-10-22 19:13:08 +0000"},"done":true},"minecraft:recipes/building_blocks/birch_stairs":{"criteria":{"has_planks":"2024-10-22 19:13:08 +0000"},"done":true},"minecraft:recipes/redstone/jungle_trapdoor":{"criteria":{"has_planks":"2024-10-22 19:16:39 +0000"},"done":true},"minecraft:recipes/decorations/jungle_sign":{"criteria":{"has_planks":"2024-10-22 19:16:39 +0000"},"done":true},"minecraft:recipes/redstone/jungle_door":{"criteria":{"has_planks":"2024-10-22 19:16:39 +0000"},"done":true},"minecraft:recipes/decorations/jungle_fence":{"criteria":{"has_planks":"2024-10-22 19:16:39 +0000"},"done":true},"minecraft:recipes/redstone/jungle_pressure_plate":{"criteria":{"has_planks":"2024-10-22 19:16:39 +0000"},"done":true},"minecraft:recipes/redstone/jungle_button":{"criteria":{"has_planks":"2024-10-22 19:16:39 +0000"},"done":true},"minecraft:recipes/building_blocks/jungle_slab":{"criteria":{"has_planks":"2024-10-22 19:16:39 +0000"},"done":true},"minecraft:recipes/building_blocks/jungle_stairs":{"criteria":{"has_planks":"2024-10-22 19:16:39 +0000"},"done":true},"minecraft:recipes/redstone/jungle_fence_gate":{"criteria":{"has_planks":"2024-10-22 19:16:39 +0000"},"done":true},"minecraft:recipes/misc/copper_ingot_from_blasting_raw_copper":{"criteria":{"has_raw_copper":"2024-10-22 19:17:06 +0000"},"done":true},"minecraft:recipes/building_blocks/raw_copper_block":{"criteria":{"has_raw_copper":"2024-10-22 19:17:06 +0000"},"done":true},"minecraft:recipes/misc/copper_ingot_from_smelting_raw_copper":{"criteria":{"has_raw_copper":"2024-10-22 19:17:06 +0000"},"done":true},"minecraft:recipes/tools/golden_axe":{"criteria":{"has_gold_ingot":"2024-10-22 19:20:57 +0000"},"done":true},"minecraft:recipes/tools/golden_pickaxe":{"criteria":{"has_gold_ingot":"2024-10-22 19:20:57 +0000"},"done":true},"minecraft:recipes/misc/gold_nugget":{"criteria":{"has_gold_ingot":"2024-10-22 19:20:57 +0000"},"done":true},"minecraft:recipes/tools/golden_shovel":{"criteria":{"has_gold_ingot":"2024-10-22 19:20:57 +0000"},"done":true},"minecraft:recipes/food/golden_apple":{"criteria":{"has_gold_ingot":"2024-10-22 19:20:57 +0000"},"done":true},"minecraft:recipes/combat/golden_boots":{"criteria":{"has_gold_ingot":"2024-10-22 19:20:57 +0000"},"done":true},"minecraft:recipes/combat/golden_helmet":{"criteria":{"has_gold_ingot":"2024-10-22 19:20:57 +0000"},"done":true},"minecraft:recipes/combat/golden_sword":{"criteria":{"has_gold_ingot":"2024-10-22 19:20:57 +0000"},"done":true},"minecraft:recipes/building_blocks/gold_block":{"criteria":{"has_gold_ingot":"2024-10-22 19:20:57 +0000"},"done":true},"minecraft:recipes/combat/golden_chestplate":{"criteria":{"has_gold_ingot":"2024-10-22 19:20:57 +0000"},"done":true},"minecraft:recipes/tools/golden_hoe":{"criteria":{"has_gold_ingot":"2024-10-22 19:20:57 +0000"},"done":true},"minecraft:recipes/redstone/light_weighted_pressure_plate":{"criteria":{"has_gold_ingot":"2024-10-22 19:20:57 +0000"},"done":true},"minecraft:recipes/combat/golden_leggings":{"criteria":{"has_gold_ingot":"2024-10-22 19:20:57 +0000"},"done":true},"minecraft:adventure/shoot_arrow":{"criteria":{"shot_arrow":"2024-10-22 19:22:22 +0000"},"done":true},"minecraft:adventure/ol_betsy":{"criteria":{"shot_crossbow":"2024-10-22 19:22:22 +0000"},"done":true},"minecraft:recipes/misc/stick_from_bamboo_item":{"criteria":{"has_bamboo":"2024-10-22 19:23:06 +0000"},"done":true},"minecraft:recipes/building_blocks/bamboo_block":{"criteria":{"has_bamboo":"2024-10-22 19:23:06 +0000"},"done":true},"minecraft:recipes/decorations/scaffolding":{"criteria":{"has_bamboo":"2024-10-22 19:23:06 +0000"},"done":true},"minecraft:recipes/transportation/carrot_on_a_stick":{"criteria":{"has_carrot":"2024-10-22 19:23:14 +0000"},"done":true},"minecraft:recipes/building_blocks/bricks":{"criteria":{"has_brick":"2024-10-22 19:30:08 +0000"},"done":true},"minecraft:recipes/decorations/flower_pot":{"criteria":{"has_brick":"2024-10-22 19:30:08 +0000"},"done":true},"minecraft:recipes/decorations/decorated_pot_simple":{"criteria":{"has_brick":"2024-10-22 19:30:08 +0000"},"done":true},"nova_structures:root":{"criteria":{"nova_structures:adventure/find_tavern":"2024-10-23 18:44:27 +0000"},"done":true},"nova_structures:adventure/find_tavern":{"criteria":{"nova_structures:tavern_oak":"2024-10-23 18:44:27 +0000"},"done":true},"minecraft:recipes/food/baked_potato_from_campfire_cooking":{"criteria":{"has_potato":"2024-10-23 18:45:32 +0000"},"done":true},"minecraft:recipes/food/baked_potato_from_smoking":{"criteria":{"has_potato":"2024-10-23 18:45:32 +0000"},"done":true},"minecraft:recipes/food/baked_potato":{"criteria":{"has_potato":"2024-10-23 18:45:32 +0000"},"done":true},"minecraft:recipes/food/dried_kelp_from_smoking":{"criteria":{"has_kelp":"2024-10-23 18:47:25 +0000"},"done":true},"minecraft:recipes/food/dried_kelp_from_smelting":{"criteria":{"has_kelp":"2024-10-23 18:47:25 +0000"},"done":true},"minecraft:recipes/food/dried_kelp_from_campfire_cooking":{"criteria":{"has_kelp":"2024-10-23 18:47:25 +0000"},"done":true},"minecraft:recipes/combat/bow":{"criteria":{"has_string":"2024-10-23 18:54:08 +0000"},"done":true},"minecraft:recipes/tools/fishing_rod":{"criteria":{"has_string":"2024-10-23 18:54:08 +0000"},"done":true},"minecraft:recipes/building_blocks/white_wool_from_string":{"criteria":{"has_string":"2024-10-23 18:54:08 +0000"},"done":true},"minecraft:recipes/redstone/tripwire_hook":{"criteria":{"has_string":"2024-10-23 18:54:08 +0000"},"done":true},"minecraft:recipes/decorations/candle":{"criteria":{"has_string":"2024-10-23 18:54:08 +0000"},"done":true},"minecraft:recipes/decorations/loom":{"criteria":{"has_string":"2024-10-23 18:54:08 +0000"},"done":true},"minecraft:adventure/sleep_in_bed":{"criteria":{"slept_in_bed":"2024-10-23 18:54:24 +0000"},"done":true},"nova_structures:adventure/find_shrine":{"criteria":{"shrine_combat":"2024-10-23 19:02:36 +0000"},"done":true},"nova_structures:adventure/find_all_illager_structures":{"criteria":{"illager_hideout":"2024-10-23 19:04:20 +0000"},"done":false},"minecraft:recipes/misc/raw_iron":{"criteria":{"has_raw_iron_block":"2024-10-23 19:05:53 +0000"},"done":true},"minecraft:recipes/building_blocks/dark_oak_slab":{"criteria":{"has_planks":"2024-10-23 19:11:02 +0000"},"done":true},"minecraft:recipes/redstone/dark_oak_door":{"criteria":{"has_planks":"2024-10-23 19:11:02 +0000"},"done":true},"minecraft:recipes/redstone/dark_oak_fence_gate":{"criteria":{"has_planks":"2024-10-23 19:11:02 +0000"},"done":true},"minecraft:recipes/redstone/dark_oak_trapdoor":{"criteria":{"has_planks":"2024-10-23 19:11:02 +0000"},"done":true},"minecraft:recipes/redstone/dark_oak_button":{"criteria":{"has_planks":"2024-10-23 19:11:02 +0000"},"done":true},"minecraft:recipes/building_blocks/dark_oak_stairs":{"criteria":{"has_planks":"2024-10-23 19:11:02 +0000"},"done":true},"minecraft:recipes/decorations/dark_oak_sign":{"criteria":{"has_planks":"2024-10-23 19:11:02 +0000"},"done":true},"minecraft:recipes/redstone/dark_oak_pressure_plate":{"criteria":{"has_planks":"2024-10-23 19:11:02 +0000"},"done":true},"minecraft:recipes/decorations/dark_oak_fence":{"criteria":{"has_planks":"2024-10-23 19:11:02 +0000"},"done":true},"minecraft:recipes/misc/wheat":{"criteria":{"has_hay_block":"2024-10-23 19:11:04 +0000"},"done":true},"minecraft:recipes/building_blocks/copper_block":{"criteria":{"has_copper_ingot":"2024-10-23 19:14:09 +0000"},"done":true},"minecraft:recipes/tools/brush":{"criteria":{"has_copper_ingot":"2024-10-23 19:14:09 +0000"},"done":true},"minecraft:recipes/redstone/copper_door":{"criteria":{"has_copper_ingot":"2024-10-23 19:14:09 +0000"},"done":true},"minecraft:recipes/redstone/lightning_rod":{"criteria":{"has_copper_ingot":"2024-10-23 19:14:09 +0000"},"done":true},"minecraft:recipes/redstone/copper_trapdoor":{"criteria":{"has_copper_ingot":"2024-10-23 19:14:09 +0000"},"done":true},"minecraft:husbandry/allay_deliver_item_to_player":{"criteria":{"allay_deliver_item_to_player":"2024-10-23 19:23:20 +0000"},"done":true},"DataVersion":3955}