{"id":20125051,"node_id":"MDEwOlJlcG9zaXRvcnkyMDEyNTA1MQ==","name":"Slimefun4","full_name":"Slimefun/Slimefun4","private":false,"owner":{"login":"Slimefun","id":63646128,"node_id":"MDEyOk9yZ2FuaXphdGlvbjYzNjQ2MTI4","avatar_url":"https://avatars.githubusercontent.com/u/63646128?v=4","gravatar_id":"","url":"https://api.github.com/users/Slimefun","html_url":"https://github.com/Slimefun","followers_url":"https://api.github.com/users/Slimefun/followers","following_url":"https://api.github.com/users/Slimefun/following{/other_user}","gists_url":"https://api.github.com/users/Slimefun/gists{/gist_id}","starred_url":"https://api.github.com/users/Slimefun/starred{/owner}{/repo}","subscriptions_url":"https://api.github.com/users/Slimefun/subscriptions","organizations_url":"https://api.github.com/users/Slimefun/orgs","repos_url":"https://api.github.com/users/Slimefun/repos","events_url":"https://api.github.com/users/Slimefun/events{/privacy}","received_events_url":"https://api.github.com/users/Slimefun/received_events","type":"Organization","user_view_type":"public","site_admin":false},"html_url":"https://github.com/Slimefun/Slimefun4","description":"Slimefun 4 - A unique Spigot/Paper plugin that looks and feels like a modpack. We've been giving you backpacks, jetpacks, reactors and much more since 2013.","fork":false,"url":"https://api.github.com/repos/Slimefun/Slimefun4","forks_url":"https://api.github.com/repos/Slimefun/Slimefun4/forks","keys_url":"https://api.github.com/repos/Slimefun/Slimefun4/keys{/key_id}","collaborators_url":"https://api.github.com/repos/Slimefun/Slimefun4/collaborators{/collaborator}","teams_url":"https://api.github.com/repos/Slimefun/Slimefun4/teams","hooks_url":"https://api.github.com/repos/Slimefun/Slimefun4/hooks","issue_events_url":"https://api.github.com/repos/Slimefun/Slimefun4/issues/events{/number}","events_url":"https://api.github.com/repos/Slimefun/Slimefun4/events","assignees_url":"https://api.github.com/repos/Slimefun/Slimefun4/assignees{/user}","branches_url":"https://api.github.com/repos/Slimefun/Slimefun4/branches{/branch}","tags_url":"https://api.github.com/repos/Slimefun/Slimefun4/tags","blobs_url":"https://api.github.com/repos/Slimefun/Slimefun4/git/blobs{/sha}","git_tags_url":"https://api.github.com/repos/Slimefun/Slimefun4/git/tags{/sha}","git_refs_url":"https://api.github.com/repos/Slimefun/Slimefun4/git/refs{/sha}","trees_url":"https://api.github.com/repos/Slimefun/Slimefun4/git/trees{/sha}","statuses_url":"https://api.github.com/repos/Slimefun/Slimefun4/statuses/{sha}","languages_url":"https://api.github.com/repos/Slimefun/Slimefun4/languages","stargazers_url":"https://api.github.com/repos/Slimefun/Slimefun4/stargazers","contributors_url":"https://api.github.com/repos/Slimefun/Slimefun4/contributors","subscribers_url":"https://api.github.com/repos/Slimefun/Slimefun4/subscribers","subscription_url":"https://api.github.com/repos/Slimefun/Slimefun4/subscription","commits_url":"https://api.github.com/repos/Slimefun/Slimefun4/commits{/sha}","git_commits_url":"https://api.github.com/repos/Slimefun/Slimefun4/git/commits{/sha}","comments_url":"https://api.github.com/repos/Slimefun/Slimefun4/comments{/number}","issue_comment_url":"https://api.github.com/repos/Slimefun/Slimefun4/issues/comments{/number}","contents_url":"https://api.github.com/repos/Slimefun/Slimefun4/contents/{+path}","compare_url":"https://api.github.com/repos/Slimefun/Slimefun4/compare/{base}...{head}","merges_url":"https://api.github.com/repos/Slimefun/Slimefun4/merges","archive_url":"https://api.github.com/repos/Slimefun/Slimefun4/{archive_format}{/ref}","downloads_url":"https://api.github.com/repos/Slimefun/Slimefun4/downloads","issues_url":"https://api.github.com/repos/Slimefun/Slimefun4/issues{/number}","pulls_url":"https://api.github.com/repos/Slimefun/Slimefun4/pulls{/number}","milestones_url":"https://api.github.com/repos/Slimefun/Slimefun4/milestones{/number}","notifications_url":"https://api.github.com/repos/Slimefun/Slimefun4/notifications{?since,all,participating}","labels_url":"https://api.github.com/repos/Slimefun/Slimefun4/labels{/name}","releases_url":"https://api.github.com/repos/Slimefun/Slimefun4/releases{/id}","deployments_url":"https://api.github.com/repos/Slimefun/Slimefun4/deployments","created_at":"2014-05-24T08:08:47Z","updated_at":"2024-11-02T09:55:47Z","pushed_at":"2024-11-01T04:09:59Z","git_url":"git://github.com/Slimefun/Slimefun4.git","ssh_url":"git@github.com:Slimefun/Slimefun4.git","clone_url":"https://github.com/Slimefun/Slimefun4.git","svn_url":"https://github.com/Slimefun/Slimefun4","homepage":"","size":37722,"stargazers_count":968,"watchers_count":968,"language":"Java","has_issues":true,"has_projects":false,"has_downloads":true,"has_wiki":true,"has_pages":true,"has_discussions":false,"forks_count":544,"mirror_url":null,"archived":false,"disabled":false,"open_issues_count":116,"license":{"key":"gpl-3.0","name":"GNU General Public License v3.0","spdx_id":"GPL-3.0","url":"https://api.github.com/licenses/gpl-3.0","node_id":"MDc6TGljZW5zZTk="},"allow_forking":true,"is_template":false,"web_commit_signoff_required":false,"topics":["bukkit","hacktoberfest","java","minecraft","modded","modpack","mods","open-source","paper","papermc","plugin","slimefun","spigot","spigotmc","survival"],"visibility":"public","forks":544,"open_issues":116,"watchers":968,"default_branch":"master","temp_clone_token":null,"custom_properties":{},"organization":{"login":"Slimefun","id":63646128,"node_id":"MDEyOk9yZ2FuaXphdGlvbjYzNjQ2MTI4","avatar_url":"https://avatars.githubusercontent.com/u/63646128?v=4","gravatar_id":"","url":"https://api.github.com/users/Slimefun","html_url":"https://github.com/Slimefun","followers_url":"https://api.github.com/users/Slimefun/followers","following_url":"https://api.github.com/users/Slimefun/following{/other_user}","gists_url":"https://api.github.com/users/Slimefun/gists{/gist_id}","starred_url":"https://api.github.com/users/Slimefun/starred{/owner}{/repo}","subscriptions_url":"https://api.github.com/users/Slimefun/subscriptions","organizations_url":"https://api.github.com/users/Slimefun/orgs","repos_url":"https://api.github.com/users/Slimefun/repos","events_url":"https://api.github.com/users/Slimefun/events{/privacy}","received_events_url":"https://api.github.com/users/Slimefun/received_events","type":"Organization","user_view_type":"public","site_admin":false},"network_count":544,"subscribers_count":61}