[{"login":"TheBusyBiscuit","id":3967898,"node_id":"MDQ6VXNlcjM5Njc4OTg=","avatar_url":"https://avatars.githubusercontent.com/u/3967898?v=4","gravatar_id":"","url":"https://api.github.com/users/TheBusyBiscuit","html_url":"https://github.com/TheBusyBiscuit","followers_url":"https://api.github.com/users/TheBusyBiscuit/followers","following_url":"https://api.github.com/users/TheBusyBiscuit/following{/other_user}","gists_url":"https://api.github.com/users/TheBusyBiscuit/gists{/gist_id}","starred_url":"https://api.github.com/users/TheBusyBiscuit/starred{/owner}{/repo}","subscriptions_url":"https://api.github.com/users/TheBusyBiscuit/subscriptions","organizations_url":"https://api.github.com/users/TheBusyBiscuit/orgs","repos_url":"https://api.github.com/users/TheBusyBiscuit/repos","events_url":"https://api.github.com/users/TheBusyBiscuit/events{/privacy}","received_events_url":"https://api.github.com/users/TheBusyBiscuit/received_events","type":"User","user_view_type":"public","site_admin":false,"contributions":99},{"login":"renovate[bot]","id":29139614,"node_id":"MDM6Qm90MjkxMzk2MTQ=","avatar_url":"https://avatars.githubusercontent.com/in/2740?v=4","gravatar_id":"","url":"https://api.github.com/users/renovate%5Bbot%5D","html_url":"https://github.com/apps/renovate","followers_url":"https://api.github.com/users/renovate%5Bbot%5D/followers","following_url":"https://api.github.com/users/renovate%5Bbot%5D/following{/other_user}","gists_url":"https://api.github.com/users/renovate%5Bbot%5D/gists{/gist_id}","starred_url":"https://api.github.com/users/renovate%5Bbot%5D/starred{/owner}{/repo}","subscriptions_url":"https://api.github.com/users/renovate%5Bbot%5D/subscriptions","organizations_url":"https://api.github.com/users/renovate%5Bbot%5D/orgs","repos_url":"https://api.github.com/users/renovate%5Bbot%5D/repos","events_url":"https://api.github.com/users/renovate%5Bbot%5D/events{/privacy}","received_events_url":"https://api.github.com/users/renovate%5Bbot%5D/received_events","type":"Bot","user_view_type":"public","site_admin":false,"contributions":3},{"login":"imgbot[bot]","id":31301654,"node_id":"MDM6Qm90MzEzMDE2NTQ=","avatar_url":"https://avatars.githubusercontent.com/in/4706?v=4","gravatar_id":"","url":"https://api.github.com/users/imgbot%5Bbot%5D","html_url":"https://github.com/apps/imgbot","followers_url":"https://api.github.com/users/imgbot%5Bbot%5D/followers","following_url":"https://api.github.com/users/imgbot%5Bbot%5D/following{/other_user}","gists_url":"https://api.github.com/users/imgbot%5Bbot%5D/gists{/gist_id}","starred_url":"https://api.github.com/users/imgbot%5Bbot%5D/starred{/owner}{/repo}","subscriptions_url":"https://api.github.com/users/imgbot%5Bbot%5D/subscriptions","organizations_url":"https://api.github.com/users/imgbot%5Bbot%5D/orgs","repos_url":"https://api.github.com/users/imgbot%5Bbot%5D/repos","events_url":"https://api.github.com/users/imgbot%5Bbot%5D/events{/privacy}","received_events_url":"https://api.github.com/users/imgbot%5Bbot%5D/received_events","type":"Bot","user_view_type":"public","site_admin":false,"contributions":2}]